,Topt,Topt_std,Length,Tm,Tm_std,T90,dCpt,dCpt_std
P77467,306.15,10,262,328.717325,7.588735,NA,-4000,1000
P76077,311.15,10,309,328.717325,7.588735,NA,-4000,1000
P76078,310.15,10,95,328.717325,7.588735,NA,-4000,1000
P76079,309.15,10,248,328.717325,7.588735,NA,-4000,1000
P76081,310.15,10,356,328.717325,7.588735,NA,-4000,1000
P07762,310.15,10,728,323.67238268,4.07,326.75,-4000,1000
P32166,307.15,10,308,332.483740134755,4.07,NA,-4000,1000
P0ABU0,308.15,10,285,326.339170763495,4.07,NA,-4000,1000
P13016,308.15,10,183,326.776057243863,4.07,NA,-4000,1000
P10371,311.15,10,245,325.639915022448,4.07,NA,-4000,1000
P26647,308.15,10,245,327.46245334163,4.07,NA,-4000,1000
P45568,306.15,10,398,328.25368483,4.07,329.35,-4000,1000
P77488,307.15,10,620,322.88070819,4.07,325.35,-4000,1000
P0AEW9,306.15,10,312,329.041597519637,4.07,NA,-4000,1000
P08331,314.15,10,647,331.82628229,4.07,334.55,-4000,1000
P0A9D8,311.15,10,274,342.58446132,4.07,344.27,-4000,1000
P62707,312.15,10,250,322.18411989,4.07,323.7,-4000,1000
P37689,310.15,10,514,331.67334932,4.07,336.23571429,-4000,1000
P76082,311.15,10,255,328.717325,7.588735,NA,-4000,1000
P15047,312.15,10,248,328.717325,7.588735,NA,-4000,1000
P0ABR9,304.15,10,314,328.717325,7.588735,NA,-4000,1000
P37674,310.15,10,157,328.717325,7.588735,NA,-4000,1000
P37675,310.15,10,425,328.717325,7.588735,NA,-4000,1000
P37672,309.15,10,332,328.717325,7.588735,NA,-4000,1000
P37676,310.15,10,328,328.717325,7.588735,NA,-4000,1000
P30863,307.15,10,267,325.847183449646,4.07,NA,-4000,1000
Q46857,309.15,10,275,323.04076279,4.07,325.75,-4000,1000
P77231,306.15,10,292,328.717325,7.588735,NA,-4000,1000
P62617,308.15,10,159,328.717325,7.588735,NA,-4000,1000
Q46893,306.15,10,236,338.522141210807,4.07,NA,-4000,1000
P0AB77,307.15,10,398,327.18076429,4.07,331.45,-4000,1000
P26281,296.15,10,159,328.717325,7.588735,NA,-4000,1000
Q6BF16,310.15,10,205,328.717325,7.588735,NA,-4000,1000
P31459,308.15,10,292,328.717325,7.588735,NA,-4000,1000
P37647,310.15,10,309,328.868319468212,4.07,NA,-4000,1000
P0A715,309.15,10,284,319.63736704,4.07,320.95,-4000,1000
P0A9J4,308.15,10,303,327.779031172367,4.07,NA,-4000,1000
P0ABQ2,309.15,10,294,332.625896785931,4.07,NA,-4000,1000
P77161,306.15,10,292,328.717325,7.588735,NA,-4000,1000
P77044,306.15,10,288,328.717325,7.588735,NA,-4000,1000
P30140,308.15,10,377,328.717325,7.588735,NA,-4000,1000
P09151,308.15,10,523,323.58056056,4.07,327.21666667,-4000,1000
P0A712,310.15,10,327,328.717325,7.588735,NA,-4000,1000
P77608,304.15,10,269,328.717325,7.588735,NA,-4000,1000
P77243,308.15,10,483,327.977290239202,4.07,NA,-4000,1000
P31660,305.15,10,389,324.825615586533,4.07,NA,-4000,1000
P77541,309.15,10,296,326.672334767499,4.07,NA,-4000,1000
P25534,310.15,10,392,328.717325,7.588735,NA,-4000,1000
P0AFG3,309.15,10,933,321.67017744,4.07,321.95,-4000,1000
P17109,305.15,10,556,316.94898417,4.07,318.95,-4000,1000
P37355,311.15,10,252,328.717325,7.588735,NA,-4000,1000
P37353,308.15,10,451,328.717325,7.588735,NA,-4000,1000
P22255,309.15,10,246,328.75382376,4.07,331.35,-4000,1000
P0A7J0,310.15,10,217,325.725325583143,4.07,NA,-4000,1000
P77397,310.15,10,554,328.717325,7.588735,NA,-4000,1000
P77589,310.15,10,403,328.717325,7.588735,NA,-4000,1000
P0AFQ5,310.15,10,128,328.717325,7.588735,NA,-4000,1000
P05194,308.15,10,252,329.03567819,4.07,329.95,-4000,1000
P07639,304.15,10,362,325.722059709739,4.07,NA,-4000,1000
P75728,310.15,10,391,327.815620749535,4.07,NA,-4000,1000
P0ABZ4,306.15,10,188,329.87923344,4.07,330.95,-4000,1000
P0AC75,307.15,10,425,329.957292025793,4.07,NA,-4000,1000
P04951,311.15,10,248,327.65560134,4.07,331.75,-4000,1000
P0A6Q6,314.15,10,151,341.072805485167,4.07,NA,-4000,1000
P76083,306.15,10,475,328.717325,7.588735,NA,-4000,1000
P0A6Q3,309.15,10,172,340.27867245,4.07,343.81666667,-4000,1000
P0A6A6,307.15,10,466,328.717325,7.588735,NA,-4000,1000
P30126,309.15,10,201,326.191376082809,4.07,NA,-4000,1000
P30125,307.15,10,363,330.938858,4.07,342.05,-4000,1000
P37678,310.15,10,220,328.717325,7.588735,NA,-4000,1000
P39304,308.15,10,216,328.717325,7.588735,NA,-4000,1000
P21151,306.15,10,387,328.717325,7.588735,NA,-4000,1000
P76503,306.15,10,436,328.717325,7.588735,NA,-4000,1000
P31142,311.15,10,281,327.95233685,4.07,329.81666667,-4000,1000
P31057,309.15,10,264,354.164019858503,4.07,NA,-4000,1000
P0AAB4,309.15,10,497,344.190125333506,4.07,NA,-4000,1000
Q46890,306.15,10,212,328.717325,7.588735,NA,-4000,1000
P0A953,309.15,10,406,320.58532206,4.07,323.05,-4000,1000
P0AAI5,309.15,10,413,338.60085137,4.07,341.77857143,-4000,1000
P0AEK2,309.15,10,244,324.638750339938,4.07,NA,-4000,1000
P0C7L2,308.15,10,401,328.717325,7.588735,NA,-4000,1000
P0CI31,306.15,10,270,328.717325,7.588735,NA,-4000,1000
P0ABR5,310.15,10,453,328.717325,7.588735,NA,-4000,1000
P0ABW0,312.15,10,106,328.717325,7.588735,NA,-4000,1000
P77650,307.15,10,400,328.717325,7.588735,NA,-4000,1000
Q47140,310.15,10,172,328.717325,7.588735,NA,-4000,1000
P0A6D3,308.15,10,427,324.96851284,4.07,329.95,-4000,1000
P0A9V8,305.15,10,298,328.717325,7.588735,NA,-4000,1000
P37623,306.15,10,195,328.717325,7.588735,NA,-4000,1000
P15977,309.15,10,694,325.087234242121,4.07,NA,-4000,1000
P22256,309.15,10,426,342.68933742,4.07,344.68333333,-4000,1000
P50457,309.15,10,421,321.504759,4.07,322.55,-4000,1000
P62615,304.15,10,283,326.087982405774,4.07,NA,-4000,1000
P51020,308.15,10,337,328.717325,7.588735,NA,-4000,1000
P62620,306.15,10,372,317.35362159,4.07,327.95,-4000,1000
P62623,310.15,10,316,328.250339202391,4.07,NA,-4000,1000
P04036,309.15,10,273,340.81391998,4.07,346.35,-4000,1000
P0A6L2,307.15,10,292,338.48536177,4.07,341.55,-4000,1000
P0AGK1,310.15,10,290,328.717325,7.588735,NA,-4000,1000
P19624,307.15,10,329,326.867675623651,4.07,NA,-4000,1000
P76491,307.15,10,199,329.326024068634,4.07,NA,-4000,1000
P0AF12,306.15,10,232,329.90927605,4.07,329.88333333,-4000,1000
P0A840,307.15,10,253,325.750652985502,4.07,NA,-4000,1000
P0AEZ1,306.15,10,296,328.717325,7.588735,NA,-4000,1000
P0AC28,313.15,10,182,328.717325,7.588735,NA,-4000,1000
P23522,307.15,10,256,327.952128097386,4.07,NA,-4000,1000
P0A9P9,307.15,10,254,328.717325,7.588735,NA,-4000,1000
P25665,307.15,10,753,321.27304983,4.07,322.53,-4000,1000
P61714,311.15,10,156,328.717325,7.588735,NA,-4000,1000
P65870,312.15,10,121,328.717325,7.588735,NA,-4000,1000
Q46829,313.15,10,479,326.95227182,4.07,328.15,-4000,1000
P17411,309.15,10,450,328.717325,7.588735,NA,-4000,1000
P00350,310.15,10,468,330.97613507,4.07,332.2125,-4000,1000
P52697,312.15,10,331,329.24281315,4.07,330.75,-4000,1000
P77756,312.15,10,231,326.797761791265,4.07,NA,-4000,1000
P12998,309.15,10,384,328.717325,7.588735,NA,-4000,1000
P08337,315.15,10,129,331.56312784,4.07,332.35,-4000,1000
P30860,310.15,10,243,331.94675193,4.07,333.81666667,-4000,1000
P45799,310.15,10,186,328.39364465,4.07,329.35,-4000,1000
P67910,312.15,10,310,329.256146403808,4.07,NA,-4000,1000
P37692,310.15,10,348,327.10059209251,4.07,NA,-4000,1000
Q93K97,308.15,10,209,328.48887182135,4.07,NA,-4000,1000
P0AE12,311.15,10,484,337.085465440129,4.07,NA,-4000,1000
P60757,308.15,10,299,319.99142754,4.07,320.95,-4000,1000
P0A6E6,313.15,10,139,334.40961467,4.07,336.15,-4000,1000
P0ABA6,310.15,10,287,337.6195075,4.07,338.68333333,-4000,1000
P0ABC0,310.15,10,126,328.717325,7.588735,NA,-4000,1000
P0AB98,310.15,10,271,336.552116720997,4.07,NA,-4000,1000
P0ABB0,307.15,10,513,337.93551266,4.07,338.81666667,-4000,1000
P0ABA0,311.15,10,156,335.68379499,4.07,339.75,-4000,1000
P0ABB4,310.15,10,460,336.14244439,4.07,340.01666667,-4000,1000
P68699,316.15,10,79,328.717325,7.588735,NA,-4000,1000
P0ABA4,310.15,10,177,331.508378084923,4.07,NA,-4000,1000
P06999,305.15,10,309,321.56986688,4.07,322.75,-4000,1000
P0A796,310.15,10,320,330.51423264,4.07,337.25,-4000,1000
P13000,310.15,10,225,328.717325,7.588735,NA,-4000,1000
P60752,306.15,10,582,327.985065372084,4.07,NA,-4000,1000
P77580,308.15,10,316,328.717325,7.588735,NA,-4000,1000
P76458,311.15,10,220,328.717325,7.588735,NA,-4000,1000
P76459,308.15,10,216,328.717325,7.588735,NA,-4000,1000
P0A6A3,307.15,10,400,314.75227949,4.07,320.95,-4000,1000
P00893,308.15,10,574,328.717325,7.588735,NA,-4000,1000
P00894,306.15,10,163,328.717325,7.588735,NA,-4000,1000
P08142,308.15,10,562,328.717325,7.588735,NA,-4000,1000
P0ADF8,313.15,10,96,325.917811747658,4.07,NA,-4000,1000
P76461,308.15,10,394,328.717325,7.588735,NA,-4000,1000
P0A9Q5,307.15,10,304,332.76935243045,4.07,NA,-4000,1000
P0ABD5,309.15,10,319,332.357175373603,4.07,NA,-4000,1000
P27550,309.15,10,652,321.62614913,4.07,322.9,-4000,1000
P0A6C8,308.15,10,258,328.717325,7.588735,NA,-4000,1000
P23908,306.15,10,383,319.00208015,4.07,319.95,-4000,1000
P18335,308.15,10,406,319.76447666,4.07,321.8,-4000,1000
P25516,307.15,10,891,322.1688317,4.07,330.43,-4000,1000
P36683,307.15,10,865,318.94895276,4.07,320.475,-4000,1000
P0A6A8,312.15,10,78,316.33424023,4.07,329.35,-4000,1000
P21515,308.15,10,193,328.717325,7.588735,NA,-4000,1000
P0A8Z3,312.15,10,134,332.584978023206,4.07,NA,-4000,1000
P0AGG2,298.15,10,286,325.43534264,4.07,328.35,-4000,1000
P0A722,303.15,10,262,332.37313693,4.07,334.81666667,-4000,1000
Q47146,304.15,10,814,326.565085657588,4.07,NA,-4000,1000
P0AB65,313.15,10,92,328.565028178433,4.07,NA,-4000,1000
P31441,306.15,10,588,331.47981786296,4.07,NA,-4000,1000
P31466,310.15,10,445,331.291656274006,4.07,NA,-4000,1000
P69503,309.15,10,183,328.60127001,4.07,329.75,-4000,1000
P22333,307.15,10,333,324.617110172008,4.07,NA,-4000,1000
P52086,312.15,10,203,328.717325,7.588735,NA,-4000,1000
P36561,308.15,10,247,334.1817674,4.07,335.95,-4000,1000
P12995,306.15,10,429,328.717325,7.588735,NA,-4000,1000
P00936,319.15,10,848,328.717325,7.588735,NA,-4000,1000
P69441,313.15,10,214,315.70206883,4.07,318.3,-4000,1000
P0AB89,298.15,10,456,321.42392491,4.07,322.55,-4000,1000
P0A7D4,310.15,10,432,321.01589379,4.07,322.6,-4000,1000
P0A6J1,307.15,10,201,328.717325,7.588735,NA,-4000,1000
P0A830,310.15,10,428,333.676331740745,4.07,NA,-4000,1000
P13035,308.15,10,501,330.17064454468,4.07,NA,-4000,1000
P60651,309.15,10,306,349.66763271188,4.07,NA,-4000,1000
P0A6B4,315.15,10,359,324.582551269046,4.07,NA,-4000,1000
P29012,307.15,10,356,331.48525689,4.07,331.75,-4000,1000
P00957,306.15,10,876,329.97230124,4.07,332.21,-4000,1000
P39451,314.15,10,336,336.584943097758,4.07,NA,-4000,1000
P37685,310.15,10,512,330.392438324187,4.07,NA,-4000,1000
P0A9C3,311.15,10,346,319.42034355,4.07,321.75,-4000,1000
P75804,310.15,10,371,328.717325,7.588735,NA,-4000,1000
P0AAI1,310.15,10,255,328.717325,7.588735,NA,-4000,1000
P00634,310.15,10,471,329.4454914,4.07,336.15,-4000,1000
P80645,306.15,10,381,328.717325,7.588735,NA,-4000,1000
P77425,298.15,10,411,328.717325,7.588735,NA,-4000,1000
P77671,307.15,10,453,328.717325,7.588735,NA,-4000,1000
P06720,312.15,10,451,322.21015323,4.07,326.15,-4000,1000
P0AEX3,310.15,10,432,340.490375162502,4.07,NA,-4000,1000
P37610,308.15,10,283,330.25178838,4.07,331.35,-4000,1000
P42604,307.15,10,495,328.717325,7.588735,NA,-4000,1000
P0A6L7,307.15,10,483,328.717325,7.588735,NA,-4000,1000
P0AG16,310.15,10,505,322.6173224,4.07,324.55,-4000,1000
P0A6C5,307.15,10,443,328.717325,7.588735,NA,-4000,1000
P28305,305.15,10,269,326.889859868243,4.07,NA,-4000,1000
P00903,306.15,10,187,324.27989839,4.07,328.15,-4000,1000
P05041,306.15,10,453,325.581140432017,4.07,NA,-4000,1000
P27248,307.15,10,364,321.80548064,4.07,323.35,-4000,1000
P04825,307.15,10,870,324.72863022,4.07,327.39,-4000,1000
P69681,310.15,10,428,328.717325,7.588735,NA,-4000,1000
P0ABN9,310.15,10,446,328.717325,7.588735,NA,-4000,1000
P0ABP3,310.15,10,461,329.325058516592,4.07,NA,-4000,1000
P18776,310.15,10,205,336.441453465864,4.07,NA,-4000,1000
P18777,310.15,10,287,328.717325,7.588735,NA,-4000,1000
P76173,310.15,10,284,328.717325,7.588735,NA,-4000,1000
P0A996,310.15,10,396,335.41014536644,4.07,NA,-4000,1000
P0A9C0,305.15,10,542,325.597984803478,4.07,NA,-4000,1000
P13033,310.15,10,419,327.266571062311,4.07,NA,-4000,1000
Q46877,310.15,10,479,328.717325,7.588735,NA,-4000,1000
P0A9N8,310.15,10,154,328.717325,7.588735,NA,-4000,1000
P28903,309.15,10,712,323.151360272902,4.07,NA,-4000,1000
P77570,306.15,10,369,328.717325,7.588735,NA,-4000,1000
P0AE16,310.15,10,491,328.717325,7.588735,NA,-4000,1000
P00895,306.15,10,520,319.6423241,4.07,321.15,-4000,1000
P0A6G5,308.15,10,183,328.717325,7.588735,NA,-4000,1000
P23930,310.15,10,512,328.866930788897,4.07,NA,-4000,1000
P60844,310.15,10,231,328.717325,7.588735,NA,-4000,1000
P17115,304.15,10,321,328.26926685,4.07,332.95,-4000,1000
P45395,304.15,10,328,329.03869319,4.07,329.55,-4000,1000
P0AAF3,307.15,10,504,328.717325,7.588735,NA,-4000,1000
P0AE24,310.15,10,472,328.717325,7.588735,NA,-4000,1000
P0AE30,310.15,10,222,328.717325,7.588735,NA,-4000,1000
P0AE34,310.15,10,238,327.610220404468,4.07,NA,-4000,1000
P0AE37,306.15,10,344,328.717325,7.588735,NA,-4000,1000
P11667,310.15,10,211,328.717325,7.588735,NA,-4000,1000
P0AAF6,310.15,10,242,326.101882331811,4.07,NA,-4000,1000
P11875,309.15,10,577,321.30682131,4.07,323.48333333,-4000,1000
P60061,310.15,10,445,328.717325,7.588735,NA,-4000,1000
P11447,310.15,10,457,332.24272788,4.07,333.31666667,-4000,1000
P0A6E4,312.15,10,447,317.32487445,4.07,318.25,-4000,1000
P46136,310.15,10,293,328.717325,7.588735,NA,-4000,1000
P15993,310.15,10,457,328.717325,7.588735,NA,-4000,1000
P04693,306.15,10,397,326.906899531577,4.07,NA,-4000,1000
P0AB96,311.15,10,141,328.717325,7.588735,NA,-4000,1000
P0AB93,310.15,10,429,328.717325,7.588735,NA,-4000,1000
P77567,309.15,10,281,328.717325,7.588735,NA,-4000,1000
P39301,310.15,10,465,328.717325,7.588735,NA,-4000,1000
P69820,310.15,10,154,328.717325,7.588735,NA,-4000,1000
P69822,308.15,10,101,328.717325,7.588735,NA,-4000,1000
P22106,312.15,10,554,319.80172119,4.07,319.75,-4000,1000
P0A8M0,308.15,10,466,331.18017656,4.07,332.32142857,-4000,1000
P0A790,311.15,10,126,328.717325,7.588735,NA,-4000,1000
P00509,307.15,10,396,335.41051808,4.07,338.58333333,-4000,1000
P0AC38,308.15,10,478,325.79828389,4.07,327.65,-4000,1000
P0A786,298.15,10,311,332.00798464,4.07,338.25,-4000,1000
P0A7F3,310.15,10,153,337.10406394,4.07,338.81666667,-4000,1000
P00963,308.15,10,330,320.134471224532,4.07,NA,-4000,1000
P21889,308.15,10,590,332.86713796,4.07,333.08333333,-4000,1000
P0A9Q9,306.15,10,367,332.63352172,4.07,333.05,-4000,1000
P68066,310.15,10,127,328.717325,7.588735,NA,-4000,1000
P37749,310.15,10,330,320.082487428294,4.07,NA,-4000,1000
P00722,309.15,10,1024,328.717325,7.588735,NA,-4000,1000
P75949,307.15,10,341,328.608808020279,4.07,NA,-4000,1000
P0A6R0,310.15,10,317,318.26573692,4.07,317.95,-4000,1000
P17445,307.15,10,490,326.25490504133,4.07,NA,-4000,1000
P0AG24,307.15,10,702,324.171136049913,4.07,NA,-4000,1000
P0AE76,310.15,10,181,328.717325,7.588735,NA,-4000,1000
P0A9Q7,308.15,10,891,338.64693936,4.07,341.5,-4000,1000
P00561,304.15,10,820,321.13787485,4.07,323.55,-4000,1000
P00562,305.15,10,810,316.92423137,4.07,317.95,-4000,1000
P0A9J8,304.15,10,386,315.52627793,4.07,316.75,-4000,1000
P0AES0,310.15,10,619,326.48677091,4.07,327.7,-4000,1000
P76108,310.15,10,381,337.07941078,4.07,338.9,-4000,1000
P77398,307.15,10,660,328.717325,7.588735,NA,-4000,1000
P31119,306.15,10,719,330.126302021535,4.07,NA,-4000,1000
P24186,306.15,10,288,334.10782369,4.07,338.95,-4000,1000
P0ACC7,308.15,10,456,318.34440002,4.07,320.15,-4000,1000
P76658,304.15,10,477,324.090650062153,4.07,NA,-4000,1000
P77455,304.15,10,681,328.717325,7.588735,NA,-4000,1000
P09546,298.15,10,1320,323.533661144859,4.07,NA,-4000,1000
P00904,305.15,10,531,328.717325,7.588735,NA,-4000,1000
P15639,308.15,10,529,323.85672636,4.07,325.15,-4000,1000
P0AG40,304.15,10,313,327.571257225338,4.07,NA,-4000,1000
P28629,310.15,10,755,328.717325,7.588735,NA,-4000,1000
P0ABU7,310.15,10,244,334.818422852861,4.07,NA,-4000,1000
P0ABV2,310.15,10,141,331.930289692184,4.07,NA,-4000,1000
P21170,309.15,10,658,326.38295143,4.07,328.55,-4000,1000
P0ABD8,312.15,10,156,328.717325,7.588735,NA,-4000,1000
P24182,310.15,10,449,319.05384771,4.07,319.55,-4000,1000
P20099,307.15,10,777,319.09801961,4.07,324.55,-4000,1000
P12996,313.15,10,346,319.67221702,4.07,321.05,-4000,1000
P05637,308.15,10,280,333.241058378634,4.07,NA,-4000,1000
P0AD99,310.15,10,439,328.717325,7.588735,NA,-4000,1000
P0AB80,308.15,10,309,320.89649283,4.07,323.68333333,-4000,1000
P0ABN5,310.15,10,433,338.842771312962,4.07,NA,-4000,1000
P0AFR2,310.15,10,559,327.224196090785,4.07,NA,-4000,1000
P06282,308.15,10,251,334.248800413925,4.07,NA,-4000,1000
P0ABF8,308.15,10,182,327.349610505273,4.07,NA,-4000,1000
P23830,308.15,10,451,325.477253498318,4.07,NA,-4000,1000
P77788,313.15,10,135,328.717325,7.588735,NA,-4000,1000
P0A7E5,310.15,10,545,321.71250298,4.07,322.95,-4000,1000
P0AAE8,310.15,10,444,328.717325,7.588735,NA,-4000,1000
P37306,307.15,10,297,328.717325,7.588735,NA,-4000,1000
P77624,310.15,10,316,328.717325,7.588735,NA,-4000,1000
Q46807,310.15,10,310,328.717325,7.588735,NA,-4000,1000
P00968,308.15,10,1073,330.12805525,4.07,332.09,-4000,1000
P0A6F1,305.15,10,382,329.80124104,4.07,331.47,-4000,1000
P0ABE9,306.15,10,219,328.717325,7.588735,NA,-4000,1000
P61517,306.15,10,220,328.47796056,4.07,331.75,-4000,1000
P0A6H8,310.15,10,486,329.752337092491,4.07,NA,-4000,1000
P0AA84,310.15,10,413,328.717325,7.588735,NA,-4000,1000
P31551,310.15,10,261,328.717325,7.588735,NA,-4000,1000
P21179,307.15,10,753,328.717325,7.588735,NA,-4000,1000
P13029,309.15,10,726,323.90151706,4.07,326.9,-4000,1000
P75780,310.15,10,760,326.198027127978,4.07,NA,-4000,1000
P38054,310.15,10,1047,328.717325,7.588735,NA,-4000,1000
P77211,310.15,10,457,328.717325,7.588735,NA,-4000,1000
P77214,310.15,10,110,329.42955535,4.07,335.55,-4000,1000
P77239,310.15,10,407,328.717325,7.588735,NA,-4000,1000
P69380,310.15,10,300,328.717325,7.588735,NA,-4000,1000
P32705,310.15,10,549,328.717325,7.588735,NA,-4000,1000
P76372,310.15,10,326,335.525080546766,4.07,NA,-4000,1000
P77319,310.15,10,556,328.717325,7.588735,NA,-4000,1000
P26602,311.15,10,165,328.717325,7.588735,NA,-4000,1000
P12008,308.15,10,361,327.943114931175,4.07,NA,-4000,1000
P69330,310.15,10,98,328.717325,7.588735,NA,-4000,1000
P75726,305.15,10,510,328.717325,7.588735,NA,-4000,1000
P0A9I1,306.15,10,302,328.717325,7.588735,NA,-4000,1000
P0ABH7,307.15,10,427,332.36822709,4.07,334.15,-4000,1000
P0AE74,310.15,10,487,328.717325,7.588735,NA,-4000,1000
P0AE22,310.15,10,237,342.952023487351,4.07,NA,-4000,1000
P0ABQ0,308.15,10,406,319.1709647,4.07,320.55,-4000,1000
P71242,310.15,10,426,328.717325,7.588735,NA,-4000,1000
P17315,310.15,10,663,328.717325,7.588735,NA,-4000,1000
P52095,306.15,10,713,342.58470032,4.07,345.75,-4000,1000
P21169,309.15,10,711,334.874523053833,4.07,NA,-4000,1000
Q59385,306.15,10,834,328.96601774,4.07,330.95,-4000,1000
P0A9H5,312.15,10,196,328.136325432295,4.07,NA,-4000,1000
P31552,309.15,10,517,328.717325,7.588735,NA,-4000,1000
P00816,309.15,10,156,328.717325,7.588735,NA,-4000,1000
P17583,310.15,10,384,328.717325,7.588735,NA,-4000,1000
P0A738,308.15,10,161,328.717325,7.588735,NA,-4000,1000
P0A9H7,311.15,10,382,325.398502601255,4.07,NA,-4000,1000
P06721,304.15,10,395,322.52375669,4.07,325.35,-4000,1000
P00935,305.15,10,386,322.94357824,4.07,325.01666667,-4000,1000
Q46925,309.15,10,401,337.029279476122,4.07,NA,-4000,1000
P77444,305.15,10,406,331.729858031471,4.07,NA,-4000,1000
P0A6B7,308.15,10,404,321.78454029,4.07,323.95,-4000,1000
P76194,310.15,10,138,328.717325,7.588735,NA,-4000,1000
P0ABK5,307.15,10,323,338.089788568673,4.07,NA,-4000,1000
P16703,309.15,10,303,334.138371936823,4.07,NA,-4000,1000
P21888,307.15,10,461,327.65251838,4.07,332.75,-4000,1000
P38101,310.15,10,195,328.717325,7.588735,NA,-4000,1000
P0ABF6,310.15,10,294,328.75451501,4.07,330.55,-4000,1000
P0A6I0,306.15,10,227,326.8864982419,4.07,NA,-4000,1000
P0ABJ9,307.15,10,522,353.232116839769,4.07,NA,-4000,1000
P0ABK2,311.15,10,379,318.87200978,4.07,322.95,-4000,1000
P26458,308.15,10,378,328.717325,7.588735,NA,-4000,1000
P26459,308.15,10,514,328.717325,7.588735,NA,-4000,1000
P0ABI8,309.15,10,663,321.00696595,4.07,322.15,-4000,1000
P0ABJ1,306.15,10,315,338.672366682791,4.07,NA,-4000,1000
P0ABJ3,310.15,10,204,328.717325,7.588735,NA,-4000,1000
P0ABJ6,310.15,10,109,328.717325,7.588735,NA,-4000,1000
P33931,313.15,10,207,328.717325,7.588735,NA,-4000,1000
P0ABK9,310.15,10,478,328.728012072248,4.07,NA,-4000,1000
P69490,310.15,10,159,328.536374908499,4.07,NA,-4000,1000
P0ABL5,310.15,10,200,328.717325,7.588735,NA,-4000,1000
P0ABL1,310.15,10,188,328.717325,7.588735,NA,-4000,1000
P33226,310.15,10,390,328.717325,7.588735,NA,-4000,1000
P52005,310.15,10,366,328.717325,7.588735,NA,-4000,1000
P26612,315.15,10,495,328.3503972,4.07,328.95,-4000,1000
P62601,311.15,10,549,328.717325,7.588735,NA,-4000,1000
P25524,307.15,10,427,347.69672099755,4.07,NA,-4000,1000
P0AA82,310.15,10,419,328.717325,7.588735,NA,-4000,1000
P68767,306.15,10,503,345.041153876669,4.07,NA,-4000,1000
P15288,306.15,10,485,337.95478549,4.07,339.68333333,-4000,1000
P0A9T0,305.15,10,410,329.13562426,4.07,330.45,-4000,1000
P0A6J8,307.15,10,364,320.81505513,4.07,322.65,-4000,1000
P07862,306.15,10,306,331.1990426,4.07,333.85,-4000,1000
P08506,308.15,10,400,324.0431407,4.07,325.15,-4000,1000
P0AEB2,309.15,10,403,326.000859718852,4.07,NA,-4000,1000
P24228,310.15,10,477,326.660787555338,4.07,NA,-4000,1000
P33013,306.15,10,388,328.717325,7.588735,NA,-4000,1000
P77790,312.15,10,193,328.717325,7.588735,NA,-4000,1000
P0AFI5,310.15,10,310,324.500130236262,4.07,NA,-4000,1000
P32721,305.15,10,510,328.717325,7.588735,NA,-4000,1000
P32718,308.15,10,309,328.717325,7.588735,NA,-4000,1000
P32720,310.15,10,326,328.717325,7.588735,NA,-4000,1000
P39265,310.15,10,311,328.283668607316,4.07,NA,-4000,1000
P32719,310.15,10,231,328.717325,7.588735,NA,-4000,1000
P0A6J5,310.15,10,432,325.960379644195,4.07,NA,-4000,1000
P76316,306.15,10,328,347.29600204467,4.07,NA,-4000,1000
P0A9B6,307.15,10,339,324.404782322857,4.07,NA,-4000,1000
Q6BF17,309.15,10,382,328.717325,7.588735,NA,-4000,1000
P0AA76,310.15,10,430,328.717325,7.588735,NA,-4000,1000
P0AEE5,310.15,10,332,323.52651894,4.07,325.41666667,-4000,1000
P63228,309.15,10,191,325.80788674407,4.07,NA,-4000,1000
P52643,306.15,10,329,337.22916148,4.07,339.15,-4000,1000
P76251,310.15,10,361,326.819067067991,4.07,NA,-4000,1000
P39160,308.15,10,486,329.703962765883,4.07,NA,-4000,1000
P31547,310.15,10,217,332.157132456279,4.07,NA,-4000,1000
P28635,310.15,10,271,346.169053939472,4.07,NA,-4000,1000
P04982,313.15,10,139,341.008812810535,4.07,NA,-4000,1000
P00926,307.15,10,442,329.011388847506,4.07,NA,-4000,1000
P0AAE0,310.15,10,470,326.285207837055,4.07,NA,-4000,1000
P0AB74,307.15,10,286,328.717325,7.588735,NA,-4000,1000
P0C8J6,307.15,10,284,323.28870714,4.07,326.35,-4000,1000
P0C8J8,310.15,10,420,322.13561535,4.07,324.05,-4000,1000
P0C8K0,310.15,10,426,328.717325,7.588735,NA,-4000,1000
P37387,310.15,10,330,327.983772584219,4.07,NA,-4000,1000
P0AGF4,310.15,10,491,328.717325,7.588735,NA,-4000,1000
P15042,307.15,10,671,319.33328092,4.07,320.15,-4000,1000
P0ACB2,308.15,10,324,336.70140967,4.07,339,-4000,1000
P15723,310.15,10,505,320.05338038,4.07,322.55,-4000,1000
P0A6L0,308.15,10,259,319.95036216,4.07,320.95,-4000,1000
P06968,307.15,10,152,342.00660882,4.07,344.15,-4000,1000
P0A6I9,311.15,10,206,325.537774152715,4.07,NA,-4000,1000
P0ABN1,310.15,10,122,329.864024489784,4.07,NA,-4000,1000
P00861,307.15,10,420,319.11716502,4.07,320.95,-4000,1000
P0A6K1,308.15,10,274,324.16318268,4.07,325.55,-4000,1000
P66899,309.15,10,398,328.717325,7.588735,NA,-4000,1000
P0ABQ4,309.15,10,159,325.447042556947,4.07,NA,-4000,1000
P08192,306.15,10,422,321.89042704,4.07,326.15,-4000,1000
P0A9P0,312.15,10,474,330.982025267967,4.07,NA,-4000,1000
P06959,314.15,10,630,331.58919164,4.07,333.4,-4000,1000
P0AFG6,309.15,10,405,327.766540722785,4.07,NA,-4000,1000
P0AFS3,306.15,10,240,336.919033226092,4.07,NA,-4000,1000
P0AC16,313.15,10,122,329.70255448,4.07,330.75,-4000,1000
P0AC19,323.15,10,120,349.980749974924,4.07,NA,-4000,1000
P0AFC0,310.15,10,150,328.717325,7.588735,NA,-4000,1000
P05020,310.15,10,348,320.10748677,4.07,342.75,-4000,1000
P0A7E1,308.15,10,336,331.350335749409,4.07,NA,-4000,1000
P0AC13,310.15,10,282,329.124889000313,4.07,NA,-4000,1000
P05791,308.15,10,616,328.68545593,4.07,332.55,-4000,1000
P18775,310.15,10,814,337.338160038673,4.07,NA,-4000,1000
P36837,310.15,10,489,328.717325,7.588735,NA,-4000,1000
P39276,307.15,10,485,328.717325,7.588735,NA,-4000,1000
P77304,309.15,10,500,338.723601692312,4.07,NA,-4000,1000
P75742,310.15,10,493,328.717325,7.588735,NA,-4000,1000
P0AAG0,310.15,10,327,328.780829144352,4.07,NA,-4000,1000
P37313,310.15,10,334,328.44591658797,4.07,NA,-4000,1000
P0AEF8,310.15,10,339,328.717325,7.588735,NA,-4000,1000
P0AEG1,310.15,10,300,328.717325,7.588735,NA,-4000,1000
P23847,310.15,10,535,342.77495778,4.07,344.08333333,-4000,1000
P0A6M2,310.15,10,176,328.673576793028,4.07,NA,-4000,1000
P60472,310.15,10,253,326.421923737498,4.07,NA,-4000,1000
P0A769,310.15,10,412,328.717325,7.588735,NA,-4000,1000
P0AG00,310.15,10,348,331.368433208184,4.07,NA,-4000,1000
P0C960,310.15,10,203,326.227640123397,4.07,NA,-4000,1000
P0A6P9,311.15,10,432,322.7455211,4.07,328.15,-4000,1000
P0AEK4,295.15,10,262,318.46869324,4.07,319.95,-4000,1000
P24077,310.15,10,416,328.717325,7.588735,NA,-4000,1000
P0ADI4,302.15,10,285,323.354694362264,4.07,NA,-4000,1000
P10378,301.15,10,536,326.012034588859,4.07,NA,-4000,1000
P11454,298.15,10,1293,320.15510858,4.07,321.25,-4000,1000
P19925,308.15,10,206,328.717325,7.588735,NA,-4000,1000
P05459,306.15,10,378,323.50060599,4.07,325.55,-4000,1000
P0AEJ6,307.15,10,453,332.60172741461,4.07,NA,-4000,1000
P19636,308.15,10,295,327.725297803376,4.07,NA,-4000,1000
P0AFL6,307.15,10,513,324.857209657097,4.07,NA,-4000,1000
P75893,312.15,10,164,328.717325,7.588735,NA,-4000,1000
P80644,309.15,10,191,328.717325,7.588735,NA,-4000,1000
P22939,307.15,10,299,323.429787164376,4.07,NA,-4000,1000
P21177,307.15,10,729,321.7517771,4.07,323.95,-4000,1000
P77399,306.15,10,714,328.717325,7.588735,NA,-4000,1000
P33650,310.15,10,773,329.537658721978,4.07,NA,-4000,1000
P15031,310.15,10,255,325.983227677039,4.07,NA,-4000,1000
P13036,310.15,10,774,332.603222234528,4.07,NA,-4000,1000
P15029,310.15,10,318,328.717325,7.588735,NA,-4000,1000
P15030,310.15,10,332,328.717325,7.588735,NA,-4000,1000
P15028,310.15,10,300,336.004927559255,4.07,NA,-4000,1000
P77522,310.15,10,495,329.939283269195,4.07,NA,-4000,1000
P77689,310.15,10,423,331.703842629337,4.07,NA,-4000,1000
P0AAL3,310.15,10,231,328.717325,7.588735,NA,-4000,1000
P33934,310.15,10,287,328.717325,7.588735,NA,-4000,1000
P23876,310.15,10,334,328.717325,7.588735,NA,-4000,1000
P23877,310.15,10,330,328.717325,7.588735,NA,-4000,1000
P23878,310.15,10,271,328.717325,7.588735,NA,-4000,1000
P0AEL6,310.15,10,318,328.040387150252,4.07,NA,-4000,1000
P39405,310.15,10,262,328.717325,7.588735,NA,-4000,1000
P06971,310.15,10,747,342.273030482883,4.07,NA,-4000,1000
P05825,310.15,10,746,328.717325,7.588735,NA,-4000,1000
P23871,308.15,10,320,325.86808283599,4.07,NA,-4000,1000
P16869,310.15,10,729,328.717325,7.588735,NA,-4000,1000
P0AG03,307.15,10,189,332.057117357484,4.07,NA,-4000,1000
P61949,310.15,10,176,320.13600028,4.07,329.55,-4000,1000
P0ABY4,310.15,10,173,334.861853830488,4.07,NA,-4000,1000
P28861,307.15,10,248,332.193277919427,4.07,NA,-4000,1000
P24232,309.15,10,396,325.734479976668,4.07,NA,-4000,1000
P09373,312.15,10,760,324.49938527,4.07,327.31,-4000,1000
P0AC23,310.15,10,285,335.557993341959,4.07,NA,-4000,1000
P77733,310.15,10,282,328.717325,7.588735,NA,-4000,1000
P07658,310.15,10,715,328.717325,7.588735,NA,-4000,1000
P0AEL0,310.15,10,211,332.803721909752,4.07,NA,-4000,1000
P0AAJ3,310.15,10,294,348.892144789264,4.07,NA,-4000,1000
P0AEK7,310.15,10,217,328.717325,7.588735,NA,-4000,1000
P24183,312.15,10,1015,345.030099621066,4.07,NA,-4000,1000
P0AAJ5,310.15,10,300,357.934036591956,4.07,NA,-4000,1000
P32176,308.15,10,1016,359.567214336796,4.07,NA,-4000,1000
P0AAK1,310.15,10,203,328.717325,7.588735,NA,-4000,1000
P16429,310.15,10,608,328.717325,7.588735,NA,-4000,1000
P16430,310.15,10,307,328.717325,7.588735,NA,-4000,1000
P16431,310.15,10,569,328.717325,7.588735,NA,-4000,1000
P16432,310.15,10,180,328.717325,7.588735,NA,-4000,1000
P16433,310.15,10,255,328.717325,7.588735,NA,-4000,1000
P33221,310.15,10,392,316.55238217,4.07,318.15,-4000,1000
P69902,307.15,10,416,328.717325,7.588735,NA,-4000,1000
P37051,309.15,10,280,331.76450949,4.07,332.55,-4000,1000
P23917,308.15,10,302,336.13040419,4.07,337.75,-4000,1000
P0A9C9,310.15,10,336,322.740194326558,4.07,NA,-4000,1000
P21437,310.15,10,321,328.717325,7.588735,NA,-4000,1000
P0A993,308.15,10,332,315.58587215,4.07,316.95,-4000,1000
P77475,310.15,10,188,326.135357254166,4.07,NA,-4000,1000
P32669,310.15,10,220,328.096238622887,4.07,NA,-4000,1000
P78055,310.15,10,220,334.697127744361,4.07,NA,-4000,1000
P0A991,313.15,10,350,353.082279993497,4.07,NA,-4000,1000
P0AB71,308.15,10,359,322.8277831,4.07,324.07,-4000,1000
P45541,310.15,10,276,328.717325,7.588735,NA,-4000,1000
P45543,313.15,10,261,328.717325,7.588735,NA,-4000,1000
P0AC00,310.15,10,340,328.717325,7.588735,NA,-4000,1000
P0AC33,308.15,10,548,319.05847101,4.07,322.21666667,-4000,1000
P14407,309.15,10,548,329.11549634177,4.07,NA,-4000,1000
P05042,307.15,10,467,322.29887637,4.07,323.55,-4000,1000
P00363,303.15,10,602,319.91964303,4.07,321.15,-4000,1000
P0AC47,309.15,10,244,336.410789667244,4.07,NA,-4000,1000
P0A8Q0,310.15,10,131,349.178054570813,4.07,NA,-4000,1000
P0A8Q3,310.15,10,119,337.87132570716,4.07,NA,-4000,1000
P32055,307.15,10,321,328.717325,7.588735,NA,-4000,1000
P0AC88,309.15,10,373,328.717325,7.588735,NA,-4000,1000
P32056,310.15,10,159,328.717325,7.588735,NA,-4000,1000
P37128,310.15,10,191,325.274504536961,4.07,NA,-4000,1000
P60560,306.15,10,347,320.58766103,4.07,327.15,-4000,1000
P04079,309.15,10,525,330.28382361,4.07,331.55,-4000,1000
P30745,308.15,10,329,328.717325,7.588735,NA,-4000,1000
P0A6T5,307.15,10,222,328.717325,7.588735,NA,-4000,1000
P0A7I7,308.15,10,196,335.15260676,4.07,337.15,-4000,1000
P0AG20,308.15,10,744,324.725021522793,4.07,NA,-4000,1000
P39829,307.15,10,523,326.176642444116,4.07,NA,-4000,1000
P0A9S3,304.15,10,346,327.57243934,4.07,329.75,-4000,1000
Q6BEX0,310.15,10,500,328.717325,7.588735,NA,-4000,1000
P39328,310.15,10,341,328.717325,7.588735,NA,-4000,1000
P39325,310.15,10,318,322.50831712,4.07,323.55,-4000,1000
P0A6T3,308.15,10,382,326.136476793017,4.07,NA,-4000,1000
P09148,309.15,10,348,314.62145187,4.07,331.35,-4000,1000
P0AEP1,310.15,10,464,330.350366309907,4.07,NA,-4000,1000
P0AAG8,305.15,10,506,328.717325,7.588735,NA,-4000,1000
P23200,310.15,10,336,328.717325,7.588735,NA,-4000,1000
P77674,309.15,10,474,317.44442966,4.07,320.55,-4000,1000
P25527,310.15,10,466,328.717325,7.588735,NA,-4000,1000
P07004,307.15,10,417,336.99419085,4.07,338.63,-4000,1000
P76038,309.15,10,254,328.717325,7.588735,NA,-4000,1000
P37906,310.15,10,426,328.717325,7.588735,NA,-4000,1000
P78061,309.15,10,472,328.717325,7.588735,NA,-4000,1000
P0AES2,306.15,10,446,327.94972802,4.07,328.75,-4000,1000
Q46915,310.15,10,446,328.717325,7.588735,NA,-4000,1000
P0A6V8,308.15,10,321,317.49660197,4.07,318.25,-4000,1000
P0A759,309.15,10,266,330.86560335,4.07,330.55,-4000,1000
P19926,316.15,10,413,331.55204835,4.07,334.21666667,-4000,1000
P0A6V1,308.15,10,431,341.33300364743,4.07,NA,-4000,1000
P37744,309.15,10,293,325.19854913,4.07,327.05,-4000,1000
P61887,309.15,10,293,328.165884575637,4.07,NA,-4000,1000
P0AC53,308.15,10,491,329.59744846,4.07,330.31666667,-4000,1000
P0A6T1,308.15,10,549,331.82521908,4.07,333.42142857,-4000,1000
P0A7B5,307.15,10,367,323.943576121327,4.07,NA,-4000,1000
P69908,309.15,10,466,339.01349541,4.07,342,-4000,1000
P69910,310.15,10,466,336.04035924,4.07,340.75,-4000,1000
P22634,307.15,10,285,324.049593141018,4.07,NA,-4000,1000
P09831,306.15,10,1486,331.39655566,4.07,333.65,-4000,1000
P09832,310.15,10,472,331.61335293,4.07,333.85769231,-4000,1000
P0A6W9,310.15,10,518,314.635866,4.07,319.95,-4000,1000
P04805,307.15,10,471,332.05555685,4.07,332.9,-4000,1000
P23893,310.15,10,426,324.869975170959,4.07,NA,-4000,1000
P0A959,308.15,10,405,326.70568010483,4.07,NA,-4000,1000
P77434,308.15,10,412,325.264862846536,4.07,NA,-4000,1000
P0AAG3,306.15,10,241,326.185596098298,4.07,NA,-4000,1000
P0AER3,310.15,10,246,328.717325,7.588735,NA,-4000,1000
P0AER5,310.15,10,224,328.717325,7.588735,NA,-4000,1000
P37902,310.15,10,302,333.76993872,4.07,335.4,-4000,1000
P63235,310.15,10,511,342.256367932262,4.07,NA,-4000,1000
P77454,310.15,10,310,335.232729955881,4.07,NA,-4000,1000
P0A6W0,307.15,10,308,331.474143997778,4.07,NA,-4000,1000
P0A9C5,310.15,10,469,330.82059639,4.07,331.55,-4000,1000
P10346,310.15,10,240,335.263480407987,4.07,NA,-4000,1000
P0AEQ6,310.15,10,219,330.625541958109,4.07,NA,-4000,1000
P17169,305.15,10,609,319.67154916,4.07,321.15,-4000,1000
P00962,295.15,10,554,320.12704864,4.07,320.81666667,-4000,1000
P0AEQ3,310.15,10,248,335.15816073,4.07,338.05,-4000,1000
P0A6X1,305.15,10,418,325.385533043656,4.07,NA,-4000,1000
P68688,314.15,10,85,338.453118373172,4.07,NA,-4000,1000
P0AC59,310.15,10,215,322.90544989,4.07,324.55,-4000,1000
P0AC62,310.15,10,83,334.78930565,4.07,335.55,-4000,1000
P0AC69,310.15,10,115,327.2875344,4.07,329.81666667,-4000,1000
P18956,311.15,10,580,333.60225099,4.07,335.10555556,-4000,1000
P75796,310.15,10,623,328.717325,7.588735,NA,-4000,1000
P06715,310.15,10,450,340.37402987,4.07,343.75,-4000,1000
P04425,308.15,10,316,319.90427713,4.07,327.35,-4000,1000
P75798,310.15,10,306,328.717325,7.588735,NA,-4000,1000
P75799,310.15,10,303,328.717325,7.588735,NA,-4000,1000
P75797,310.15,10,512,338.51728246,4.07,341,-4000,1000
P03819,310.15,10,620,328.717325,7.588735,NA,-4000,1000
P45522,310.15,10,601,328.717325,7.588735,NA,-4000,1000
P23886,310.15,10,573,329.434622860621,4.07,NA,-4000,1000
P29018,310.15,10,588,328.65078481454,4.07,NA,-4000,1000
P0A9B2,313.15,10,331,333.15015692,4.07,335.75,-4000,1000
P23524,307.15,10,381,328.717325,7.588735,NA,-4000,1000
P77364,309.15,10,381,328.717325,7.588735,NA,-4000,1000
P0A9S5,309.15,10,367,354.340728953382,4.07,NA,-4000,1000
P0A6F3,311.15,10,502,320.25138681,4.07,322.35,-4000,1000
P0AER0,310.15,10,281,341.73272384106,4.07,NA,-4000,1000
P0A7A7,308.15,10,807,330.585520402992,4.07,NA,-4000,1000
P0A6S7,303.15,10,339,323.70703502,4.07,324.35,-4000,1000
P08194,310.15,10,452,337.993720267008,4.07,NA,-4000,1000
P09394,316.15,10,358,329.08727344,4.07,330.95,-4000,1000
P10908,306.15,10,247,329.479784,4.07,329.55,-4000,1000
P33359,310.15,10,243,328.717325,7.588735,NA,-4000,1000
P33360,310.15,10,308,328.717325,7.588735,NA,-4000,1000
P33361,310.15,10,385,328.717325,7.588735,NA,-4000,1000
P33362,310.15,10,305,327.57938383,4.07,328.88333333,-4000,1000
P0AFM2,310.15,10,330,327.09055714,4.07,329.55,-4000,1000
P14175,310.15,10,400,326.032962190223,4.07,NA,-4000,1000
P14176,310.15,10,354,328.717325,7.588735,NA,-4000,1000
P0A6T9,310.15,10,129,328.717325,7.588735,NA,-4000,1000
P33195,309.15,10,957,335.42802118,4.07,337.05,-4000,1000
P00960,313.15,10,303,322.580304976384,4.07,NA,-4000,1000
P00961,307.15,10,689,319.33483288,4.07,320.15,-4000,1000
P15067,308.15,10,657,328.717325,7.588735,NA,-4000,1000
P0AC86,311.15,10,815,325.668513460368,4.07,NA,-4000,1000
P0A6U8,310.15,10,477,324.389633677196,4.07,NA,-4000,1000
P52074,310.15,10,407,328.717325,7.588735,NA,-4000,1000
P0AEP9,310.15,10,499,328.717325,7.588735,NA,-4000,1000
P52073,310.15,10,350,328.717325,7.588735,NA,-4000,1000
Q46839,310.15,10,560,328.717325,7.588735,NA,-4000,1000
P0AEP7,308.15,10,593,328.717325,7.588735,NA,-4000,1000
P37666,306.15,10,324,318.66821096,4.07,320.55,-4000,1000
P75913,306.15,10,312,328.36156937,4.07,328.55,-4000,1000
P39344,310.15,10,439,328.717325,7.588735,NA,-4000,1000
P76641,310.15,10,439,328.717325,7.588735,NA,-4000,1000
P25552,308.15,10,494,327.156940201719,4.07,NA,-4000,1000
P0AEW6,309.15,10,434,323.29692542576,4.07,NA,-4000,1000
P60546,308.15,10,207,319.10219698,4.07,320.95,-4000,1000
P37019,310.15,10,473,328.717325,7.588735,NA,-4000,1000
P46891,310.15,10,272,328.717325,7.588735,NA,-4000,1000
P0ABL8,310.15,10,220,328.717325,7.588735,NA,-4000,1000
P0ABM1,310.15,10,245,328.717325,7.588735,NA,-4000,1000
P0ABM5,310.15,10,69,328.717325,7.588735,NA,-4000,1000
P0AGC0,310.15,10,463,328.717325,7.588735,NA,-4000,1000
P0AA78,310.15,10,432,328.717325,7.588735,NA,-4000,1000
P0A9S7,310.15,10,255,328.717325,7.588735,NA,-4000,1000
P0AEX7,310.15,10,308,328.717325,7.588735,NA,-4000,1000
P22729,310.15,10,425,328.717325,7.588735,NA,-4000,1000
P22731,310.15,10,237,328.717325,7.588735,NA,-4000,1000
P0ABC9,310.15,10,677,328.717325,7.588735,NA,-4000,1000
P0AC94,310.15,10,447,328.717325,7.588735,NA,-4000,1000
P39835,310.15,10,438,334.267636506333,4.07,NA,-4000,1000
P39172,310.15,10,310,341.0733678,4.07,342.15,-4000,1000
P39832,310.15,10,261,328.717325,7.588735,NA,-4000,1000
P06987,307.15,10,355,337.48615221,4.07,341.28333333,-4000,1000
P06989,309.15,10,203,351.625474587827,4.07,NA,-4000,1000
P07109,310.15,10,257,328.717325,7.588735,NA,-4000,1000
P0AEU3,310.15,10,238,328.717325,7.588735,NA,-4000,1000
P52094,310.15,10,228,328.717325,7.588735,NA,-4000,1000
P60906,307.15,10,424,318.40992248,4.07,319.35,-4000,1000
P0AEU0,310.15,10,260,324.25560834,4.07,326.95,-4000,1000
P06988,306.15,10,434,343.567142071622,4.07,NA,-4000,1000
P06986,308.15,10,356,320.08308529,4.07,320.91,-4000,1000
P24224,311.15,10,126,326.870555826316,4.07,NA,-4000,1000
Q47690,310.15,10,310,326.121123522225,4.07,NA,-4000,1000
P07623,312.15,10,309,318.8442462,4.07,319.55,-4000,1000
P00547,306.15,10,310,329.837287959354,4.07,NA,-4000,1000
P0AG34,310.15,10,206,328.717325,7.588735,NA,-4000,1000
P0ACD8,309.15,10,597,328.938914313058,4.07,NA,-4000,1000
P69739,309.15,10,372,327.576897148887,4.07,NA,-4000,1000
P0ACE0,308.15,10,567,334.099344345175,4.07,NA,-4000,1000
P0AAJ8,310.15,10,328,330.546330243642,4.07,NA,-4000,1000
P69741,307.15,10,372,333.959880334633,4.07,NA,-4000,1000
P23481,310.15,10,205,328.717325,7.588735,NA,-4000,1000
P23482,310.15,10,672,328.717325,7.588735,NA,-4000,1000
P77858,310.15,10,315,328.717325,7.588735,NA,-4000,1000
P77416,310.15,10,479,328.717325,7.588735,NA,-4000,1000
P0AEW1,310.15,10,216,328.717325,7.588735,NA,-4000,1000
P77437,310.15,10,526,328.717325,7.588735,NA,-4000,1000
P77329,310.15,10,555,328.717325,7.588735,NA,-4000,1000
P77423,310.15,10,181,328.717325,7.588735,NA,-4000,1000
P77668,310.15,10,252,328.717325,7.588735,NA,-4000,1000
P77453,310.15,10,137,328.717325,7.588735,NA,-4000,1000
P0AC84,307.15,10,251,332.410940660398,4.07,NA,-4000,1000
P76423,307.15,10,262,328.717325,7.588735,NA,-4000,1000
P76422,308.15,10,266,328.717325,7.588735,NA,-4000,1000
P30147,311.15,10,258,328.717325,7.588735,NA,-4000,1000
P0A9M2,311.15,10,178,320.19577409,4.07,321.75,-4000,1000
P60595,310.15,10,196,315.53676079,4.07,316.35,-4000,1000
P60664,310.15,10,258,323.79577512,4.07,326.15,-4000,1000
P0A9H3,308.15,10,715,340.995733579166,4.07,NA,-4000,1000
P24169,308.15,10,732,328.717325,7.588735,NA,-4000,1000
P0AFR9,310.15,10,264,328.717325,7.588735,NA,-4000,1000
P37772,310.15,10,331,328.717325,7.588735,NA,-4000,1000
P77156,310.15,10,313,328.717325,7.588735,NA,-4000,1000
P76630,310.15,10,245,328.717325,7.588735,NA,-4000,1000
P45394,310.15,10,325,319.88317468,4.07,323.55,-4000,1000
P0A7A9,313.15,10,176,328.717325,7.588735,NA,-4000,1000
P0ADG7,308.15,10,488,339.177271997925,4.07,NA,-4000,1000
P39411,310.15,10,170,324.737668273562,4.07,NA,-4000,1000
P07821,305.15,10,265,328.717325,7.588735,NA,-4000,1000
P06972,310.15,10,660,328.717325,7.588735,NA,-4000,1000
P07822,310.15,10,296,328.177716436193,4.07,NA,-4000,1000
P13039,310.15,10,400,328.717325,7.588735,NA,-4000,1000
P0AAC8,310.15,10,107,334.09568417,4.07,336.95,-4000,1000
P27838,310.15,10,106,329.718536079999,4.07,NA,-4000,1000
P0ACD4,310.15,10,128,318.85261281,4.07,321.05,-4000,1000
P69506,309.15,10,220,328.905744938761,4.07,NA,-4000,1000
P37595,311.15,10,321,335.4107099,4.07,337.15,-4000,1000
P0AEJ2,305.15,10,391,328.717325,7.588735,NA,-4000,1000
P38051,309.15,10,431,326.092254828684,4.07,NA,-4000,1000
P08200,310.15,10,416,324.00999236,4.07,326.27,-4000,1000
P0A9G6,311.15,10,434,320.13637598,4.07,321.05909091,-4000,1000
P00956,308.15,10,938,329.08589076,4.07,330.79705882,-4000,1000
Q46822,309.15,10,182,328.675467957393,4.07,NA,-4000,1000
P0A955,308.15,10,213,353.751029093727,4.07,NA,-4000,1000
P37661,309.15,10,563,327.135149912508,4.07,NA,-4000,1000
P05793,308.15,10,491,324.00921201,4.07,325.41666667,-4000,1000
P05847,307.15,10,303,328.717325,7.588735,NA,-4000,1000
P0AC35,312.15,10,201,328.717325,7.588735,NA,-4000,1000
P51981,307.15,10,321,327.381421417219,4.07,NA,-4000,1000
P32171,310.15,10,489,328.717325,7.588735,NA,-4000,1000
P08202,307.15,10,500,328.717325,7.588735,NA,-4000,1000
P0AE26,310.15,10,328,328.717325,7.588735,NA,-4000,1000
P02924,310.15,10,329,329.842061508774,4.07,NA,-4000,1000
P0A962,311.15,10,338,328.579431710884,4.07,NA,-4000,1000
P00805,315.15,10,348,332.21899042,4.07,333.67,-4000,1000
P77610,310.15,10,499,328.717325,7.588735,NA,-4000,1000
P10902,308.15,10,540,328.717325,7.588735,NA,-4000,1000
P31572,311.15,10,405,328.717325,7.588735,NA,-4000,1000
P31553,310.15,10,504,328.717325,7.588735,NA,-4000,1000
P69922,308.15,10,591,339.2466014083,4.07,NA,-4000,1000
P11551,310.15,10,438,328.717325,7.588735,NA,-4000,1000
P11553,313.15,10,472,328.717325,7.588735,NA,-4000,1000
P0AB87,308.15,10,215,328.717325,7.588735,NA,-4000,1000
P39400,310.15,10,340,328.717325,7.588735,NA,-4000,1000
Q46851,310.15,10,346,342.93891765,4.07,343.55,-4000,1000
P39346,308.15,10,343,328.717325,7.588735,NA,-4000,1000
P33232,310.15,10,396,335.747697941835,4.07,NA,-4000,1000
P33231,310.15,10,551,328.717325,7.588735,NA,-4000,1000
P32170,306.15,10,419,328.717325,7.588735,NA,-4000,1000
P27125,310.15,10,344,328.717325,7.588735,NA,-4000,1000
P39305,309.15,10,284,328.717325,7.588735,NA,-4000,1000
P08203,313.15,10,231,328.717325,7.588735,NA,-4000,1000
P37680,311.15,10,231,328.717325,7.588735,NA,-4000,1000
P39306,313.15,10,228,328.717325,7.588735,NA,-4000,1000
P16095,309.15,10,454,334.596135468673,4.07,NA,-4000,1000
P30744,306.15,10,455,325.637903694711,4.07,NA,-4000,1000
P42630,306.15,10,454,328.717325,7.588735,NA,-4000,1000
P0A821,304.15,10,463,327.60827653,4.07,330.15,-4000,1000
P39414,310.15,10,487,328.717325,7.588735,NA,-4000,1000
P07913,312.15,10,341,323.10217605,4.07,327.75,-4000,1000
P04968,306.15,10,514,328.868376311764,4.07,NA,-4000,1000
P0AGF6,309.15,10,329,324.566223950759,4.07,NA,-4000,1000
P37677,305.15,10,498,328.717325,7.588735,NA,-4000,1000
P25553,308.15,10,479,333.73434167,4.07,334.60454545,-4000,1000
P0A9S1,310.15,10,382,335.9684406936,4.07,NA,-4000,1000
P02920,310.15,10,417,328.717325,7.588735,NA,-4000,1000
P0AC81,316.15,10,135,333.102486683439,4.07,NA,-4000,1000
P0AD96,310.15,10,367,337.90387757,4.07,340.3,-4000,1000
P07813,314.15,10,860,321.65669815,4.07,323.44333333,-4000,1000
P04816,310.15,10,369,333.33403756,4.07,335.28333333,-4000,1000
P76445,308.15,10,237,334.403496315883,4.07,NA,-4000,1000
P0ACV0,303.15,10,306,333.427759169494,4.07,NA,-4000,1000
P24205,303.15,10,323,333.818217275619,4.07,NA,-4000,1000
P0ACV2,314.15,10,306,328.717325,7.588735,NA,-4000,1000
P37001,315.15,10,186,328.717325,7.588735,NA,-4000,1000
P0AF16,310.15,10,511,328.177323741046,4.07,NA,-4000,1000
P0AAA7,310.15,10,416,328.717325,7.588735,NA,-4000,1000
P10441,306.15,10,382,326.897570473725,4.07,NA,-4000,1000
P32099,307.15,10,338,324.600396218948,4.07,NA,-4000,1000
P27242,309.15,10,357,325.389652016062,4.07,NA,-4000,1000
P27129,311.15,10,338,325.45295120541,4.07,NA,-4000,1000
P27128,312.15,10,339,327.923404962739,4.07,NA,-4000,1000
P27127,310.15,10,359,326.396924883572,4.07,NA,-4000,1000
P25740,310.15,10,374,333.51883902,4.07,335.95,-4000,1000
P27126,310.15,10,311,326.64878813528,4.07,NA,-4000,1000
P27241,310.15,10,283,326.821552037556,4.07,NA,-4000,1000
P25741,310.15,10,265,326.593092877281,4.07,NA,-4000,1000
P25742,310.15,10,344,325.528684294393,4.07,NA,-4000,1000
P27240,310.15,10,232,323.455068242085,4.07,NA,-4000,1000
P0A9V1,310.15,10,241,328.024422190085,4.07,NA,-4000,1000
P0ADC6,310.15,10,360,328.860058439567,4.07,NA,-4000,1000
P0ADV1,310.15,10,185,318.70911162,4.07,326.95,-4000,1000
P0ADV9,310.15,10,191,329.507593065392,4.07,NA,-4000,1000
P0AF98,310.15,10,366,328.282232909789,4.07,NA,-4000,1000
P24173,310.15,10,319,329.624051036552,4.07,NA,-4000,1000
P60716,308.15,10,321,325.490561447429,4.07,NA,-4000,1000
P10384,310.15,10,446,328.717325,7.588735,NA,-4000,1000
P69451,307.15,10,561,325.010477381862,4.07,NA,-4000,1000
P63183,310.15,10,622,328.717325,7.588735,NA,-4000,1000
P23173,310.15,10,415,328.717325,7.588735,NA,-4000,1000
P75823,322.15,10,333,342.06248096,4.07,344.15,-4000,1000
P0AC96,310.15,10,446,328.717325,7.588735,NA,-4000,1000
P0AFJ7,310.15,10,499,343.350172984468,4.07,NA,-4000,1000
P43676,310.15,10,499,328.717325,7.588735,NA,-4000,1000
P0A8N3,310.15,10,505,318.68726487,4.07,319.79444444,-4000,1000
P0A8N5,310.15,10,505,319.35679005,4.07,321.21666667,-4000,1000
P08660,307.15,10,449,326.642115554493,4.07,NA,-4000,1000
P25737,310.15,10,489,331.739377970752,4.07,NA,-4000,1000
P09551,310.15,10,260,326.49050382,4.07,329.15,-4000,1000
P07000,307.15,10,340,326.06445062461,4.07,NA,-4000,1000
P39196,310.15,10,397,328.717325,7.588735,NA,-4000,1000
P0ABI4,310.15,10,316,329.680992517922,4.07,NA,-4000,1000
P0ABB8,304.15,10,898,332.80318817,4.07,334.15,-4000,1000
P69776,310.15,10,78,320.70791801,4.07,342.75,-4000,1000
P61889,310.15,10,312,328.13773398,4.07,329.65,-4000,1000
P08997,308.15,10,533,327.72089578,4.07,329.41666667,-4000,1000
P37330,308.15,10,723,340.11331003,4.07,341.95,-4000,1000
P33940,307.15,10,548,328.717325,7.588735,NA,-4000,1000
P0AAI9,312.15,10,309,330.26721698,4.07,332.21666667,-4000,1000
P12999,312.15,10,251,328.717325,7.588735,NA,-4000,1000
P21517,313.15,10,604,328.717325,7.588735,NA,-4000,1000
P00490,308.15,10,797,321.04375165,4.07,321.15,-4000,1000
P02943,310.15,10,446,328.717325,7.588735,NA,-4000,1000
P77791,310.15,10,183,328.717325,7.588735,NA,-4000,1000
P68187,308.15,10,371,331.389658586955,4.07,NA,-4000,1000
P02916,313.15,10,514,334.476436557711,4.07,NA,-4000,1000
P68183,310.15,10,296,328.717325,7.588735,NA,-4000,1000
P0AEX9,310.15,10,396,335.59183559,4.07,337.80714286,-4000,1000
P09424,307.15,10,382,323.4638526,4.07,325.55,-4000,1000
P24215,310.15,10,394,330.751145495285,4.07,NA,-4000,1000
P24174,309.15,10,478,328.717325,7.588735,NA,-4000,1000
P00946,308.15,10,391,322.24545876,4.07,322.75,-4000,1000
P54746,308.15,10,877,328.717325,7.588735,NA,-4000,1000
P38135,310.15,10,566,328.717325,7.588735,NA,-4000,1000
P02921,310.15,10,473,328.717325,7.588735,NA,-4000,1000
P0A935,310.15,10,365,325.006480678985,4.07,NA,-4000,1000
P0AGC5,310.15,10,518,328.717325,7.588735,NA,-4000,1000
P0C066,310.15,10,359,326.100303567188,4.07,NA,-4000,1000
P41052,310.15,10,361,326.431788720388,4.07,NA,-4000,1000
P30750,310.15,10,343,319.63558473,4.07,320.75,-4000,1000
P13009,309.15,10,1227,317.61303852,4.07,318.15,-4000,1000
P00959,307.15,10,677,317.16156467,4.07,320.68333333,-4000,1000
P23882,305.15,10,315,321.34762579,4.07,322.55,-4000,1000
P0A731,306.15,10,152,330.156964579007,4.07,NA,-4000,1000
P52045,306.15,10,261,328.717325,7.588735,NA,-4000,1000
P27253,308.15,10,714,328.717325,7.588735,NA,-4000,1000
P37329,310.15,10,257,338.33858629,4.07,340.35,-4000,1000
Q46810,309.15,10,192,328.717325,7.588735,NA,-4000,1000
P32173,308.15,10,194,328.717325,7.588735,NA,-4000,1000
P09833,305.15,10,352,328.717325,7.588735,NA,-4000,1000
P0AF01,310.15,10,229,328.717325,7.588735,NA,-4000,1000
P0AF03,306.15,10,195,344.649403642033,4.07,NA,-4000,1000
P12281,304.15,10,411,324.76878257,4.07,327.08333333,-4000,1000
P30749,314.15,10,150,330.422268152382,4.07,NA,-4000,1000
P30748,311.15,10,81,328.717325,7.588735,NA,-4000,1000
P32125,310.15,10,175,328.717325,7.588735,NA,-4000,1000
P12282,295.15,10,249,328.726794932291,4.07,NA,-4000,1000
P36649,310.15,10,516,334.826046394957,4.07,NA,-4000,1000
P0AE06,310.15,10,397,318.88072698,4.07,319.75,-4000,1000
P31224,310.15,10,1049,333.9035287461,4.07,NA,-4000,1000
P24180,310.15,10,385,328.717325,7.588735,NA,-4000,1000
P24181,310.15,10,1034,328.717325,7.588735,NA,-4000,1000
P0AEY8,310.15,10,410,328.717325,7.588735,NA,-4000,1000
P69811,310.15,10,376,329.178079402813,4.07,NA,-4000,1000
P0ACV6,310.15,10,242,329.729468505302,4.07,NA,-4000,1000
P76008,307.15,10,304,334.82846301798,4.07,NA,-4000,1000
P75959,309.15,10,303,335.12249548,4.07,337.75,-4000,1000
P11446,310.15,10,334,328.717325,7.588735,NA,-4000,1000
P0AF18,307.15,10,382,331.78672704,4.07,333.15,-4000,1000
P45425,307.15,10,291,335.925097901629,4.07,NA,-4000,1000
P76535,309.15,10,298,325.216696992677,4.07,NA,-4000,1000
P26365,308.15,10,445,327.725873166411,4.07,NA,-4000,1000
P36548,306.15,10,289,326.746822668466,4.07,NA,-4000,1000
P63883,308.15,10,417,327.273239396121,4.07,NA,-4000,1000
P0A6L4,310.15,10,297,328.717325,7.588735,NA,-4000,1000
P40874,310.15,10,372,327.77818287,4.07,329.08333333,-4000,1000
P76216,311.15,10,447,328.717325,7.588735,NA,-4000,1000
P76217,306.15,10,492,328.417412883329,4.07,NA,-4000,1000
P09029,306.15,10,355,329.45803658,4.07,329.95,-4000,1000
P0AG18,308.15,10,169,340.54583689,4.07,341.15,-4000,1000
P0A7B3,306.15,10,292,330.413664965094,4.07,NA,-4000,1000
P07001,305.15,10,510,328.779525775375,4.07,NA,-4000,1000
P0AB67,307.15,10,462,331.39363145,4.07,331.55,-4000,1000
P0AEN1,310.15,10,233,319.58270291,4.07,320.35,-4000,1000
P32664,311.15,10,257,325.726135498076,4.07,NA,-4000,1000
P25889,306.15,10,411,328.717325,7.588735,NA,-4000,1000
P76440,307.15,10,412,328.847874131886,4.07,NA,-4000,1000
P26616,310.15,10,565,314.43667014,4.07,314.95,-4000,1000
P0AFC3,309.15,10,147,329.660921233512,4.07,NA,-4000,1000
P0AFC7,313.15,10,220,330.555171478842,4.07,NA,-4000,1000
P0AFD1,310.15,10,166,332.33467307,4.07,343.75,-4000,1000
P0AFD4,308.15,10,325,328.717325,7.588735,NA,-4000,1000
P0AFD6,314.15,10,180,319.34503905,4.07,325.35,-4000,1000
P0AFE0,308.15,10,184,328.503351826596,4.07,NA,-4000,1000
P0AFE4,309.15,10,100,326.712162403283,4.07,NA,-4000,1000
P0AFE8,309.15,10,509,328.717325,7.588735,NA,-4000,1000
P0AFF0,312.15,10,485,330.309475346453,4.07,NA,-4000,1000
P31979,311.15,10,445,338.32389237,4.07,341.15,-4000,1000
P33599,307.15,10,596,323.13936543,4.07,334.15,-4000,1000
P33602,307.15,10,908,313.95613976,4.07,321.35,-4000,1000
P33607,308.15,10,613,326.976190171618,4.07,NA,-4000,1000
P39831,306.15,10,248,325.994714158783,4.07,NA,-4000,1000
P76558,319.15,10,759,320.32562609,4.07,322.35,-4000,1000
P00370,306.15,10,447,331.92659355,4.07,333.45,-4000,1000
P23883,305.15,10,495,328.717325,7.588735,NA,-4000,1000
Q46920,316.15,10,282,317.05531909,4.07,319.35,-4000,1000
P0AEY5,310.15,10,193,330.702525005078,4.07,NA,-4000,1000
P18843,308.15,10,275,318.24358488,4.07,319.65,-4000,1000
P13738,310.15,10,388,327.549611369829,4.07,NA,-4000,1000
P0AFA7,310.15,10,513,322.24479287,4.07,325.15,-4000,1000
P33593,305.15,10,254,328.717325,7.588735,NA,-4000,1000
P33594,308.15,10,268,328.717325,7.588735,NA,-4000,1000
P0AFA9,310.15,10,277,328.717325,7.588735,NA,-4000,1000
P33591,310.15,10,314,328.717325,7.588735,NA,-4000,1000
P33590,307.15,10,524,328.530766365563,4.07,NA,-4000,1000
P21369,314.15,10,213,328.717325,7.588735,NA,-4000,1000
P0AFK2,310.15,10,239,328.717325,7.588735,NA,-4000,1000
P18133,308.15,10,400,318.88664596,4.07,319.35,-4000,1000
P0A752,322.15,10,213,328.717325,7.588735,NA,-4000,1000
P30011,309.15,10,297,325.468141184118,4.07,NA,-4000,1000
P36562,308.15,10,359,328.717325,7.588735,NA,-4000,1000
P0AF26,310.15,10,236,328.717325,7.588735,NA,-4000,1000
P10903,310.15,10,463,328.121209765489,4.07,NA,-4000,1000
P37758,308.15,10,462,328.717325,7.588735,NA,-4000,1000
P37596,310.15,10,377,328.717325,7.588735,NA,-4000,1000
P08201,306.15,10,847,323.855289931427,4.07,NA,-4000,1000
P0A9I8,310.15,10,108,329.908745171742,4.07,NA,-4000,1000
P0AC26,310.15,10,268,337.430755712291,4.07,NA,-4000,1000
P22564,310.15,10,304,329.689706492577,4.07,NA,-4000,1000
P0A763,313.15,10,143,323.194341122864,4.07,NA,-4000,1000
P0AFF2,310.15,10,400,332.221436121916,4.07,NA,-4000,1000
P0AFF4,310.15,10,418,331.939358142547,4.07,NA,-4000,1000
P52006,312.15,10,141,328.717325,7.588735,NA,-4000,1000
P0AEY3,310.15,10,263,328.430472000605,4.07,NA,-4000,1000
P0A927,310.15,10,294,328.717325,7.588735,NA,-4000,1000
P0ADG4,310.15,10,267,349.883578740012,4.07,NA,-4000,1000
P27243,310.15,10,419,326.726530651763,4.07,NA,-4000,1000
P37748,310.15,10,388,328.717325,7.588735,NA,-4000,1000
P60720,308.15,10,213,328.717325,7.588735,NA,-4000,1000
P0AD57,309.15,10,323,331.601147978965,4.07,NA,-4000,1000
P76027,310.15,10,337,326.656004401417,4.07,NA,-4000,1000
P77737,310.15,10,334,327.857550116085,4.07,NA,-4000,1000
P0AFH2,310.15,10,306,333.377444462544,4.07,NA,-4000,1000
P0AFH6,310.15,10,302,333.330442439945,4.07,NA,-4000,1000
P04391,308.15,10,334,338.9575982,4.07,340.8,-4000,1000
P06960,307.15,10,334,339.44409182,4.07,340.35,-4000,1000
P0A7E3,307.15,10,213,338.536661932328,4.07,NA,-4000,1000
P08244,307.15,10,245,328.49998758,4.07,331.61666667,-4000,1000
P06996,310.15,10,367,316.6402982,4.07,317.55,-4000,1000
P02931,310.15,10,362,328.717325,7.588735,NA,-4000,1000
P76045,310.15,10,301,328.717325,7.588735,NA,-4000,1000
P77747,310.15,10,377,328.717325,7.588735,NA,-4000,1000
P02932,310.15,10,351,328.717325,7.588735,NA,-4000,1000
P0A910,310.15,10,346,328.717325,7.588735,NA,-4000,1000
P02930,310.15,10,493,328.717325,7.588735,NA,-4000,1000
P0AFI0,308.15,10,564,328.717325,7.588735,NA,-4000,1000
P76129,307.15,10,799,328.717325,7.588735,NA,-4000,1000
P17444,309.15,10,556,328.717325,7.588735,NA,-4000,1000
P36553,311.15,10,299,326.858680673307,4.07,NA,-4000,1000
P32131,310.15,10,457,328.388556502085,4.07,NA,-4000,1000
P38489,307.15,10,217,320.08339841,4.07,322.01666667,-4000,1000
P37349,306.15,10,472,322.40262824,4.07,329.45,-4000,1000
P76014,304.15,10,210,323.38283941,4.07,328.15,-4000,1000
P76015,308.15,10,356,328.30260135,4.07,329.35,-4000,1000
P42632,311.15,10,764,324.730043363404,4.07,NA,-4000,1000
P54745,307.15,10,658,328.717325,7.588735,NA,-4000,1000
P09323,307.15,10,648,324.52254364,4.07,325.55,-4000,1000
P77272,307.15,10,474,328.717325,7.588735,NA,-4000,1000
P24241,310.15,10,485,328.717325,7.588735,NA,-4000,1000
P08722,310.15,10,625,328.717325,7.588735,NA,-4000,1000
P20966,309.15,10,563,329.326844200696,4.07,NA,-4000,1000
P37188,310.15,10,94,326.260661145123,4.07,NA,-4000,1000
P69828,310.15,10,150,315.6311928,4.07,320.15,-4000,1000
P69831,310.15,10,451,328.717325,7.588735,NA,-4000,1000
P05706,309.15,10,123,327.233607355323,4.07,NA,-4000,1000
P56579,310.15,10,187,328.717325,7.588735,NA,-4000,1000
P56580,307.15,10,319,326.662970240637,4.07,NA,-4000,1000
P69783,317.15,10,169,341.97257703,4.07,346.08333333,-4000,1000
P69786,308.15,10,477,317.34942529,4.07,318.95,-4000,1000
P19642,306.15,10,530,326.607662601572,4.07,NA,-4000,1000
P00550,306.15,10,637,330.65786025,4.07,331.35,-4000,1000
P69797,314.15,10,323,333.3163484,4.07,334.95,-4000,1000
P69801,310.15,10,266,328.607384806472,4.07,NA,-4000,1000
P69805,310.15,10,283,344.726262305592,4.07,NA,-4000,1000
P36672,307.15,10,473,329.123926809806,4.07,NA,-4000,1000
P0A6I3,310.15,10,316,325.432289236443,4.07,NA,-4000,1000
P31663,306.15,10,283,319.57227169,4.07,321.61666667,-4000,1000
P02918,310.15,10,850,334.32673028,4.07,336.75,-4000,1000
P02919,313.15,10,844,340.423284500723,4.07,NA,-4000,1000
P76577,307.15,10,770,328.717325,7.588735,NA,-4000,1000
P0C0T5,310.15,10,274,328.717325,7.588735,NA,-4000,1000
P37095,309.15,10,427,335.753720624341,4.07,NA,-4000,1000
P0A744,316.15,10,212,325.546511474425,4.07,NA,-4000,1000
P0A746,311.15,10,137,319.0139988,4.07,340.55,-4000,1000
P0AD65,312.15,10,633,325.293838694111,4.07,NA,-4000,1000
P0AD68,308.15,10,588,324.78052509722,4.07,NA,-4000,1000
P25718,315.15,10,676,328.717325,7.588735,NA,-4000,1000
P33363,310.15,10,765,331.6496645,4.07,333.81666667,-4000,1000
P77348,310.15,10,537,322.34156835,4.07,323.75,-4000,1000
P33937,307.15,10,828,335.145947423916,4.07,NA,-4000,1000
P0ABL3,310.15,10,149,326.231900107562,4.07,NA,-4000,1000
P23843,310.15,10,543,328.86399416,4.07,330.77142857,-4000,1000
P13482,314.15,10,565,336.97135083,4.07,339.75,-4000,1000
P0AE52,309.15,10,156,326.639323278981,4.07,NA,-4000,1000
P80668,307.15,10,499,328.717325,7.588735,NA,-4000,1000
P76085,307.15,10,437,328.717325,7.588735,NA,-4000,1000
P08312,308.15,10,327,316.49211348,4.07,319.28333333,-4000,1000
P07395,307.15,10,795,322.40070012,4.07,323.95,-4000,1000
P24207,310.15,10,458,328.717325,7.588735,NA,-4000,1000
P0AEI6,310.15,10,153,328.717325,7.588735,NA,-4000,1000
P77218,307.15,10,338,328.717325,7.588735,NA,-4000,1000
P0A9M8,306.15,10,714,316.14885869,4.07,317.55,-4000,1000
P27247,310.15,10,356,331.344816833628,4.07,NA,-4000,1000
P0AAH0,308.15,10,257,331.980707361999,4.07,NA,-4000,1000
P07654,310.15,10,296,328.717325,7.588735,NA,-4000,1000
P0AGH8,310.15,10,319,328.717325,7.588735,NA,-4000,1000
P0AG82,310.15,10,346,360.002666570912,4.07,NA,-4000,1000
P0ABG1,307.15,10,285,328.717325,7.588735,NA,-4000,1000
P0A924,307.15,10,254,328.717325,7.588735,NA,-4000,1000
P18200,313.15,10,172,328.717325,7.588735,NA,-4000,1000
P0A8K1,306.15,10,322,340.06120969923,4.07,NA,-4000,1000
P00887,306.15,10,348,324.01847121676,4.07,NA,-4000,1000
P00888,306.15,10,356,328.717325,7.588735,NA,-4000,1000
P0AB91,298.15,10,350,314.80769806,4.07,317.15,-4000,1000
P0A6W3,311.15,10,360,330.442952603533,4.07,NA,-4000,1000
P17854,311.15,10,244,320.54022447,4.07,321.55,-4000,1000
P0AA04,310.15,10,85,319.33697487,4.07,320.15,-4000,1000
P22259,310.15,10,540,319.29686344,4.07,320.41666667,-4000,1000
P00864,306.15,10,883,324.62284773,4.07,325.72142857,-4000,1000
P23538,307.15,10,792,320.99191607,4.07,322.81666667,-4000,1000
P08839,307.15,10,575,321.10502824,4.07,322.31,-4000,1000
P36938,306.15,10,546,331.67277686,4.07,334.61666667,-4000,1000
P0ADF6,305.15,10,603,323.81228441,4.07,328.95,-4000,1000
P31120,306.15,10,445,330.4483118,4.07,332.7,-4000,1000
P0A799,305.15,10,387,331.16249338,4.07,332.63,-4000,1000
P32662,308.15,10,252,322.78959193,4.07,325.35,-4000,1000
P63224,309.15,10,192,352.409503829285,4.07,NA,-4000,1000
P0A921,315.15,10,289,327.913703274131,4.07,NA,-4000,1000
P24175,308.15,10,456,328.717325,7.588735,NA,-4000,1000
P30136,309.15,10,631,328.717325,7.588735,NA,-4000,1000
P0A6I6,295.15,10,159,331.53077518,4.07,332.75,-4000,1000
P0A6K6,308.15,10,407,331.49057418,4.07,332.15,-4000,1000
P15640,310.15,10,429,319.0520672,4.07,320.55,-4000,1000
P0A7D7,309.15,10,237,316.23599801,4.07,318.75,-4000,1000
P08178,310.15,10,345,330.433753638647,4.07,NA,-4000,1000
P15254,306.15,10,1295,319.49757725,4.07,320.90714286,-4000,1000
P08179,307.15,10,212,316.6821538,4.07,318.35,-4000,1000
P23721,307.15,10,362,333.06849569,4.07,335.42692308,-4000,1000
P0AGB0,306.15,10,322,317.06771262,4.07,320.75,-4000,1000
P07102,319.15,10,432,328.72078663,4.07,330.15,-4000,1000
P13001,309.15,10,256,327.395327798543,4.07,NA,-4000,1000
P09158,323.15,10,288,323.93704421,4.07,324.95,-4000,1000
P0A7B1,309.15,10,688,338.09087244,4.07,339.55,-4000,1000
P76773,310.15,10,230,328.717325,7.588735,NA,-4000,1000
P06983,306.15,10,313,346.73475317249,4.07,NA,-4000,1000
P03959,308.15,10,557,328.717325,7.588735,NA,-4000,1000
P03960,306.15,10,682,328.717325,7.588735,NA,-4000,1000
P03961,310.15,10,190,328.717325,7.588735,NA,-4000,1000
P36937,310.15,10,29,328.717325,7.588735,NA,-4000,1000
P46883,311.15,10,757,328.717325,7.588735,NA,-4000,1000
Q47142,310.15,10,379,328.717325,7.588735,NA,-4000,1000
P76474,310.15,10,128,328.717325,7.588735,NA,-4000,1000
Q47377,310.15,10,111,328.717325,7.588735,NA,-4000,1000
P76472,310.15,10,296,328.717325,7.588735,NA,-4000,1000
P77499,310.15,10,248,317.9955207,4.07,319.25,-4000,1000
P77268,310.15,10,328,328.717325,7.588735,NA,-4000,1000
P77308,310.15,10,340,328.717325,7.588735,NA,-4000,1000
P77463,310.15,10,298,328.717325,7.588735,NA,-4000,1000
P77622,310.15,10,308,328.717325,7.588735,NA,-4000,1000
P76128,310.15,10,516,328.717325,7.588735,NA,-4000,1000
P27835,310.15,10,450,328.717325,7.588735,NA,-4000,1000
P39300,309.15,10,354,328.717325,7.588735,NA,-4000,1000
P39398,310.15,10,453,328.717325,7.588735,NA,-4000,1000
P69856,310.15,10,238,328.717325,7.588735,NA,-4000,1000
P0AAM1,310.15,10,235,328.717325,7.588735,NA,-4000,1000
P37180,310.15,10,392,328.717325,7.588735,NA,-4000,1000
Q47689,310.15,10,467,328.717325,7.588735,NA,-4000,1000
P31125,310.15,10,299,328.717325,7.588735,NA,-4000,1000
P24177,310.15,10,1037,328.717325,7.588735,NA,-4000,1000
P0AAJ1,310.15,10,205,328.717325,7.588735,NA,-4000,1000
P32674,305.15,10,765,328.717325,7.588735,NA,-4000,1000
P77783,310.15,10,807,328.566114531111,4.07,NA,-4000,1000
P45539,310.15,10,445,328.717325,7.588735,NA,-4000,1000
P0AA80,310.15,10,444,328.717325,7.588735,NA,-4000,1000
Q46916,310.15,10,450,328.717325,7.588735,NA,-4000,1000
P60782,309.15,10,205,328.717325,7.588735,NA,-4000,1000
P75894,311.15,10,196,328.717325,7.588735,NA,-4000,1000
P19317,310.15,10,231,328.717325,7.588735,NA,-4000,1000
P0A7A2,310.15,10,215,326.012428681235,4.07,NA,-4000,1000
P0A6A0,310.15,10,546,326.613203005546,4.07,NA,-4000,1000
P52647,310.15,10,1174,325.66133538341,4.07,NA,-4000,1000
P0ADU2,310.15,10,104,330.00776234,4.07,344.15,-4000,1000
P16659,308.15,10,572,320.27437229,4.07,323.12777778,-4000,1000
P0C0L7,310.15,10,500,342.239070761089,4.07,NA,-4000,1000
P11868,305.15,10,402,328.717325,7.588735,NA,-4000,1000
P52043,310.15,10,492,328.717325,7.588735,NA,-4000,1000
P09127,310.15,10,393,332.888900645296,4.07,NA,-4000,1000
P23256,310.15,10,390,333.79914586,4.07,335.95,-4000,1000
P0AAK7,310.15,10,223,328.717325,7.588735,NA,-4000,1000
P32709,310.15,10,318,328.717325,7.588735,NA,-4000,1000
P39362,310.15,10,210,328.717325,7.588735,NA,-4000,1000
P77667,310.15,10,122,331.276466202748,4.07,NA,-4000,1000
P02929,310.15,10,239,332.602850269057,4.07,NA,-4000,1000
P07024,310.15,10,550,334.76167644,4.07,336.88333333,-4000,1000
P0AEA5,311.15,10,296,328.717325,7.588735,NA,-4000,1000
P21345,310.15,10,437,326.877538494276,4.07,NA,-4000,1000
P0ACB4,309.15,10,181,328.717325,7.588735,NA,-4000,1000
P0ABP8,310.15,10,239,338.15979418,4.07,340.35,-4000,1000
P45563,308.15,10,277,328.717325,7.588735,NA,-4000,1000
P76080,310.15,10,165,328.717325,7.588735,NA,-4000,1000
P30859,310.15,10,243,333.4216144,4.07,335.80714286,-4000,1000
P0A761,308.15,10,229,325.20211947018,4.07,NA,-4000,1000
P37746,310.15,10,415,328.717325,7.588735,NA,-4000,1000
P75851,310.15,10,263,328.717325,7.588735,NA,-4000,1000
P75853,310.15,10,319,328.717325,7.588735,NA,-4000,1000
P75712,310.15,10,484,328.717325,7.588735,NA,-4000,1000
P0AAE5,310.15,10,460,328.717325,7.588735,NA,-4000,1000
P75895,310.15,10,266,328.717325,7.588735,NA,-4000,1000
P77374,310.15,10,808,317.29392726,4.07,321.15,-4000,1000
P37751,310.15,10,372,324.040192794421,4.07,NA,-4000,1000
P37750,310.15,10,196,333.717603941594,4.07,NA,-4000,1000
P75892,310.15,10,442,328.717325,7.588735,NA,-4000,1000
P76460,310.15,10,440,328.717325,7.588735,NA,-4000,1000
P75806,308.15,10,198,328.717325,7.588735,NA,-4000,1000
Q46799,306.15,10,752,328.717325,7.588735,NA,-4000,1000
Q46800,307.15,10,292,328.717325,7.588735,NA,-4000,1000
Q46801,310.15,10,159,328.717325,7.588735,NA,-4000,1000
P42588,333.15,10,459,328.717325,7.588735,NA,-4000,1000
P0AAH4,310.15,10,330,326.339311625084,4.07,NA,-4000,1000
P76037,310.15,10,461,328.717325,7.588735,NA,-4000,1000
P31134,310.15,10,377,328.717325,7.588735,NA,-4000,1000
P0AFL1,310.15,10,281,328.717325,7.588735,NA,-4000,1000
P31135,310.15,10,317,328.717325,7.588735,NA,-4000,1000
P0AAF1,310.15,10,439,328.717325,7.588735,NA,-4000,1000
P31133,310.15,10,370,341.9973216,4.07,342.25,-4000,1000
P77150,309.15,10,287,346.10260448306,4.07,NA,-4000,1000
P21829,307.15,10,272,325.172615489189,4.07,NA,-4000,1000
P27848,305.15,10,266,325.626520111523,4.07,NA,-4000,1000
P0A794,309.15,10,243,325.58114882,4.07,327.85,-4000,1000
P40191,308.15,10,283,340.023527783786,4.07,NA,-4000,1000
P0AFI7,311.15,10,218,337.372093901402,4.07,NA,-4000,1000
P0A8Y1,307.15,10,225,328.717325,7.588735,NA,-4000,1000
P75898,295.15,10,382,328.717325,7.588735,NA,-4000,1000
P33022,308.15,10,313,328.717325,7.588735,NA,-4000,1000
P41409,310.15,10,311,341.683916870652,4.07,NA,-4000,1000
P0A9L8,307.15,10,269,341.32223182,4.07,341.75,-4000,1000
P0AFG8,309.15,10,887,316.66088266,4.07,318.16428571,-4000,1000
P07003,307.15,10,572,325.64825854,4.07,340.65,-4000,1000
P0A9N4,311.15,10,246,316.49784172,4.07,319.55,-4000,1000
P32675,305.15,10,292,328.717325,7.588735,NA,-4000,1000
P0AD61,309.15,10,470,334.06681101,4.07,335.13181818,-4000,1000
P21599,307.15,10,480,321.91628955,4.07,323.87,-4000,1000
P11458,310.15,10,347,328.717325,7.588735,NA,-4000,1000
P06149,308.15,10,571,322.36509499,4.07,326.65,-4000,1000
P15877,298.15,10,796,323.94379835957,4.07,NA,-4000,1000
P09152,298.15,10,1247,343.695851142641,4.07,NA,-4000,1000
P0AF32,311.15,10,226,328.717325,7.588735,NA,-4000,1000
P11349,298.15,10,512,346.246740080098,4.07,NA,-4000,1000
P11350,298.15,10,225,330.552514808031,4.07,NA,-4000,1000
P19318,309.15,10,514,328.717325,7.588735,NA,-4000,1000
P19319,309.15,10,1246,328.717325,7.588735,NA,-4000,1000
P32169,307.15,10,274,328.717325,7.588735,NA,-4000,1000
P25539,310.15,10,367,324.24244891,4.07,326.05,-4000,1000
P0AFU8,310.15,10,213,320.49580725,4.07,323.55,-4000,1000
P0A9J6,309.15,10,309,327.514930971107,4.07,NA,-4000,1000
P00452,309.15,10,761,317.94474401,4.07,318.59,-4000,1000
P37146,312.15,10,319,328.717325,7.588735,NA,-4000,1000
P39452,311.15,10,714,328.717325,7.588735,NA,-4000,1000
P69924,309.15,10,376,324.75690275,4.07,327.75,-4000,1000
P16690,308.15,10,185,328.717325,7.588735,NA,-4000,1000
P04983,305.15,10,501,325.874349880029,4.07,NA,-4000,1000
P02925,312.15,10,296,333.6224159,4.07,335.01666667,-4000,1000
P0AGI1,310.15,10,321,326.934868264129,4.07,NA,-4000,1000
P0A7Z0,308.15,10,219,324.44889403,4.07,326.41666667,-4000,1000
P37351,308.15,10,149,328.812487070474,4.07,NA,-4000,1000
P0A717,307.15,10,315,317.00328594,4.07,318.88333333,-4000,1000
P08204,308.15,10,566,328.717325,7.588735,NA,-4000,1000
P0AG07,310.15,10,225,329.62724044,4.07,330.75,-4000,1000
P25437,310.15,10,369,322.90401987,4.07,324.35,-4000,1000
P0A7F6,309.15,10,264,343.283568265721,4.07,NA,-4000,1000
P0A817,309.15,10,384,341.86797732,4.07,342.68333333,-4000,1000
P33018,312.15,10,278,326.828817014959,4.07,NA,-4000,1000
P51025,313.15,10,277,324.798094882318,4.07,NA,-4000,1000
P45578,309.15,10,171,318.13578368,4.07,324.75,-4000,1000
P16456,311.15,10,347,314.80964909,4.07,316.35,-4000,1000
P0A9D4,306.15,10,273,335.654515925496,4.07,NA,-4000,1000
P0A825,311.15,10,417,337.77261973,4.07,341.35,-4000,1000
P0AAD6,310.15,10,429,344.776970095885,4.07,NA,-4000,1000
P0A8L1,308.15,10,430,319.64882595,4.07,322.65,-4000,1000
P0AGE4,310.15,10,414,328.717325,7.588735,NA,-4000,1000
P15770,301.15,10,272,328.830536547048,4.07,NA,-4000,1000
P0A6D7,308.15,10,173,324.556362222366,4.07,NA,-4000,1000
P0A6E1,311.15,10,174,326.02972528531,4.07,NA,-4000,1000
P76350,310.15,10,438,328.717325,7.588735,NA,-4000,1000
P41036,310.15,10,496,328.717325,7.588735,NA,-4000,1000
P0AEA8,304.15,10,457,320.29415397,4.07,321.95,-4000,1000
P39286,310.15,10,350,315.82034286,4.07,323.35,-4000,1000
P31801,310.15,10,366,326.688188487495,4.07,NA,-4000,1000
P0AER8,310.15,10,401,328.717325,7.588735,NA,-4000,1000
P16256,310.15,10,483,326.465704592639,4.07,NA,-4000,1000
P07117,310.15,10,502,328.19867801918,4.07,NA,-4000,1000
P0AGC3,310.15,10,645,320.09456714,4.07,329.15,-4000,1000
P27306,308.15,10,466,327.483359462653,4.07,NA,-4000,1000
P05707,311.15,10,259,324.179410241248,4.07,NA,-4000,1000
P0A951,310.15,10,186,331.22516696473,4.07,NA,-4000,1000
P69210,310.15,10,109,328.717325,7.588735,NA,-4000,1000
P69212,310.15,10,121,328.717325,7.588735,NA,-4000,1000
P69874,308.15,10,378,337.489649113896,4.07,NA,-4000,1000
P0AFK4,310.15,10,275,339.372089393686,4.07,NA,-4000,1000
P0AFK6,310.15,10,264,342.016862375743,4.07,NA,-4000,1000
P0AFK9,310.15,10,348,355.466651380943,4.07,NA,-4000,1000
P69054,310.15,10,129,328.717325,7.588735,NA,-4000,1000
P0AC41,306.15,10,588,320.98082685,4.07,321.75,-4000,1000
P0AC44,310.15,10,115,334.923236060372,4.07,NA,-4000,1000
P07014,309.15,10,238,329.38503429,4.07,332.95,-4000,1000
P76149,308.15,10,462,328.717325,7.588735,NA,-4000,1000
P0A836,303.15,10,388,323.84302832,4.07,326.13,-4000,1000
P0AGE9,303.15,10,289,322.81539064,4.07,324.83,-4000,1000
P25526,307.15,10,482,329.11424086,4.07,332.07,-4000,1000
P0AED7,307.15,10,375,330.92425516,4.07,331.95,-4000,1000
P76215,304.15,10,322,328.717325,7.588735,NA,-4000,1000
P77581,308.15,10,406,325.80155658,4.07,327.05,-4000,1000
P31122,310.15,10,396,328.717325,7.588735,NA,-4000,1000
P31675,310.15,10,392,328.717325,7.588735,NA,-4000,1000
P33026,310.15,10,393,328.717325,7.588735,NA,-4000,1000
P75792,308.15,10,271,327.813132874576,4.07,NA,-4000,1000
P21156,307.15,10,302,319.48672331,4.07,320.45,-4000,1000
P23845,306.15,10,475,319.19313197,4.07,320.08333333,-4000,1000
P0AEB0,310.15,10,291,328.717325,7.588735,NA,-4000,1000
P16701,310.15,10,277,328.717325,7.588735,NA,-4000,1000
P0AG78,310.15,10,329,342.36867368,4.07,345.29285714,-4000,1000
P16676,307.15,10,365,328.717325,7.588735,NA,-4000,1000
P38038,309.15,10,599,323.99698987,4.07,326.75,-4000,1000
P17846,307.15,10,570,317.619377,4.07,319.87,-4000,1000
O32583,310.15,10,66,328.717325,7.588735,NA,-4000,1000
P30138,312.15,10,251,328.717325,7.588735,NA,-4000,1000
P0AGD1,308.15,10,173,341.08934175,4.07,343.15,-4000,1000
P0AGD3,306.15,10,193,350.353898363781,4.07,NA,-4000,1000
P00448,305.15,10,206,339.74469534,4.07,342.9,-4000,1000
P07023,308.15,10,373,324.917470160199,4.07,NA,-4000,1000
P56258,306.15,10,359,323.785961510375,4.07,NA,-4000,1000
Q47538,311.15,10,255,328.717325,7.588735,NA,-4000,1000
Q47539,310.15,10,275,328.717325,7.588735,NA,-4000,1000
Q47537,310.15,10,320,328.717325,7.588735,NA,-4000,1000
P27300,309.15,10,328,328.717325,7.588735,NA,-4000,1000
P46859,304.15,10,175,323.892678961157,4.07,NA,-4000,1000
P39208,307.15,10,187,328.717325,7.588735,NA,-4000,1000
P31548,310.15,10,232,328.717325,7.588735,NA,-4000,1000
P75948,311.15,10,274,328.717325,7.588735,NA,-4000,1000
P31549,310.15,10,536,328.717325,7.588735,NA,-4000,1000
P31550,310.15,10,327,343.425084518108,4.07,NA,-4000,1000
P0AGG0,310.15,10,325,328.92132165,4.07,329.75,-4000,1000
P30137,309.15,10,211,328.717325,7.588735,NA,-4000,1000
P30139,305.15,10,256,328.717325,7.588735,NA,-4000,1000
P0ADA1,315.15,10,208,332.89082396,4.07,334.15,-4000,1000
P0AEG4,310.15,10,208,337.85077152,4.07,339.39,-4000,1000
P0AEG6,308.15,10,236,316.97625738,4.07,321.95,-4000,1000
P36655,315.15,10,565,326.87794571182,4.07,NA,-4000,1000
P77202,310.15,10,248,339.42367465501,4.07,NA,-4000,1000
P0AA25,310.15,10,109,357.966415643796,4.07,NA,-4000,1000
P0AGG4,309.15,10,139,331.265664495494,4.07,NA,-4000,1000
P0A9P4,308.15,10,321,340.970567840312,4.07,NA,-4000,1000
P06610,309.15,10,183,324.545423436796,4.07,NA,-4000,1000
P0A6V5,315.15,10,108,326.995587020117,4.07,NA,-4000,1000
P23857,312.15,10,104,327.656030221848,4.07,NA,-4000,1000
P16700,310.15,10,338,333.59725077,4.07,335.48333333,-4000,1000
P0AG38,310.15,10,206,328.717325,7.588735,NA,-4000,1000
P00934,307.15,10,428,321.63454425,4.07,324.06428571,-4000,1000
P0A8M3,308.15,10,642,325.4211485,4.07,326.65,-4000,1000
P0AA67,310.15,10,295,328.717325,7.588735,NA,-4000,1000
P0AAD8,310.15,10,443,328.717325,7.588735,NA,-4000,1000
P23331,310.15,10,205,349.886707731633,4.07,NA,-4000,1000
P07650,306.15,10,440,319.29616816,4.07,320.95,-4000,1000
P0A720,310.15,10,213,328.914089810785,4.07,NA,-4000,1000
P0A884,311.15,10,264,324.966156843335,4.07,NA,-4000,1000
P76145,312.15,10,252,324.3830772,4.07,326.75,-4000,1000
P0A867,307.15,10,316,328.77049723,4.07,329.925,-4000,1000
P0A870,303.15,10,317,322.65186698,4.07,324.55,-4000,1000
P27302,309.15,10,663,324.36514325,4.07,329.68333333,-4000,1000
P33570,307.15,10,667,323.81050205,4.07,326.2,-4000,1000
P28904,311.15,10,551,314.50960732,4.07,323.35,-4000,1000
P31678,307.15,10,266,328.717325,7.588735,NA,-4000,1000
P31677,310.15,10,474,324.492081088487,4.07,NA,-4000,1000
P27278,310.15,10,410,326.883811024894,4.07,NA,-4000,1000
P33225,308.15,10,848,328.717325,7.588735,NA,-4000,1000
P46923,310.15,10,809,328.717325,7.588735,NA,-4000,1000
P0A858,308.15,10,255,325.66101078,4.07,328.23,-4000,1000
P0AFZ7,310.15,10,483,328.717325,7.588735,NA,-4000,1000
P0AGI8,310.15,10,458,326.757024198551,4.07,NA,-4000,1000
P23849,310.15,10,485,328.717325,7.588735,NA,-4000,1000
P00909,308.15,10,453,317.8593511,4.07,318.75,-4000,1000
P0A877,309.15,10,268,321.31136576,4.07,324.51,-4000,1000
P0A879,310.15,10,397,324.9279199,4.07,330.21666667,-4000,1000
P00954,310.15,10,334,317.77947249,4.07,320.75,-4000,1000
P0AAD2,310.15,10,414,328.717325,7.588735,NA,-4000,1000
P0A853,310.15,10,471,330.20804243,4.07,332.08333333,-4000,1000
P00393,305.15,10,434,329.744920792411,4.07,NA,-4000,1000
P0AGJ9,306.15,10,424,326.22066071,4.07,327.35,-4000,1000
P0AAD4,310.15,10,403,326.3873554379,4.07,NA,-4000,1000
P43341,303.15,10,240,331.567811900793,4.07,NA,-4000,1000
P21645,311.15,10,341,324.701792685782,4.07,NA,-4000,1000
P0A725,308.15,10,305,326.599140140044,4.07,NA,-4000,1000
P77690,303.15,10,379,322.38539805,4.07,329.35,-4000,1000
P27829,307.15,10,420,324.884127290773,4.07,NA,-4000,1000
P27836,307.15,10,246,329.328206654016,4.07,NA,-4000,1000
P08373,309.15,10,342,328.098413379749,4.07,NA,-4000,1000
P0A749,306.15,10,419,324.570183132062,4.07,NA,-4000,1000
P27828,307.15,10,376,331.54659593,4.07,333.35,-4000,1000
P17443,310.15,10,355,327.20160341729,4.07,NA,-4000,1000
P17952,309.15,10,491,323.586928473762,4.07,NA,-4000,1000
P37773,310.15,10,457,331.24173754,4.07,332.55,-4000,1000
P22188,308.15,10,495,327.098991870478,4.07,NA,-4000,1000
P11880,306.15,10,452,325.140647217565,4.07,NA,-4000,1000
P14900,306.15,10,438,321.75396665,4.07,322.55,-4000,1000
P37747,311.15,10,367,322.11151128,4.07,323.75,-4000,1000
P09147,312.15,10,338,318.18328331,4.07,318.95,-4000,1000
P76373,309.15,10,388,328.717325,7.588735,NA,-4000,1000
P0AEP3,309.15,10,302,318.79779586,4.07,319.35,-4000,1000
P17993,310.15,10,240,326.319352285385,4.07,NA,-4000,1000
P0A887,310.15,10,251,330.343622537032,4.07,NA,-4000,1000
P77795,310.15,10,337,328.717325,7.588735,NA,-4000,1000
P77536,310.15,10,475,328.717325,7.588735,NA,-4000,1000
P77704,310.15,10,278,328.717325,7.588735,NA,-4000,1000
P76234,310.15,10,284,325.964296563709,4.07,NA,-4000,1000
P43667,310.15,10,111,328.717325,7.588735,NA,-4000,1000
P45549,310.15,10,408,328.717325,7.588735,NA,-4000,1000
P77252,310.15,10,239,330.237596447782,4.07,NA,-4000,1000
P77433,310.15,10,231,326.230984187909,4.07,NA,-4000,1000
P31448,310.15,10,571,328.717325,7.588735,NA,-4000,1000
P30143,310.15,10,476,328.717325,7.588735,NA,-4000,1000
P0ABD1,310.15,10,481,328.717325,7.588735,NA,-4000,1000
P76473,309.15,10,550,328.717325,7.588735,NA,-4000,1000
P60932,308.15,10,273,328.717325,7.588735,NA,-4000,1000
P77757,308.15,10,322,328.717325,7.588735,NA,-4000,1000
P0AC78,309.15,10,367,330.241299403305,4.07,NA,-4000,1000
P0AGM7,310.15,10,429,328.717325,7.588735,NA,-4000,1000
P0A8F0,310.15,10,208,320.02118084,4.07,321.88333333,-4000,1000
P75897,311.15,10,230,328.717325,7.588735,NA,-4000,1000
P77555,309.15,10,349,328.717325,7.588735,NA,-4000,1000
P77731,309.15,10,160,328.717325,7.588735,NA,-4000,1000
P0A8F4,309.15,10,213,325.615467022209,4.07,NA,-4000,1000
P12758,309.15,10,253,336.95223966,4.07,338.3,-4000,1000
P0A7E9,306.15,10,241,339.336593193936,4.07,NA,-4000,1000
P0A8G3,310.15,10,470,327.498508208638,4.07,NA,-4000,1000
P29680,309.15,10,354,329.167299541569,4.07,NA,-4000,1000
P09126,309.15,10,246,328.717325,7.588735,NA,-4000,1000
P09053,309.15,10,417,329.375684601918,4.07,NA,-4000,1000
P07118,310.15,10,951,322.97887522,4.07,324.95,-4000,1000
P06611,295.15,10,249,328.717325,7.588735,NA,-4000,1000
P06609,309.15,10,326,328.717325,7.588735,NA,-4000,1000
P06129,310.15,10,614,336.879422139754,4.07,NA,-4000,1000
P37028,312.15,10,266,328.717325,7.588735,NA,-4000,1000
P76175,310.15,10,418,328.717325,7.588735,NA,-4000,1000
P31069,310.15,10,417,328.717325,7.588735,NA,-4000,1000
P0AGM9,310.15,10,463,328.717325,7.588735,NA,-4000,1000
P67444,310.15,10,466,328.717325,7.588735,NA,-4000,1000
P0A9M5,311.15,10,152,334.4505949,4.07,336.35,-4000,1000
P45562,310.15,10,418,328.717325,7.588735,NA,-4000,1000
P37388,307.15,10,513,328.717325,7.588735,NA,-4000,1000
P00944,310.15,10,440,328.717325,7.588735,NA,-4000,1000
P0AGI4,310.15,10,393,328.717325,7.588735,NA,-4000,1000
P09099,309.15,10,484,326.642520550494,4.07,NA,-4000,1000
P0A9X1,310.15,10,251,326.720101472042,4.07,NA,-4000,1000
P75757,310.15,10,313,328.717325,7.588735,NA,-4000,1000
P0A8H3,310.15,10,257,328.717325,7.588735,NA,-4000,1000
P37617,306.15,10,732,329.90061335205,4.07,NA,-4000,1000
P28248,307.15,10,193,338.082600726747,4.07,NA,-4000,1000
P52061,305.15,10,197,321.02917323,4.07,323.85,-4000,1000
P27833,310.15,10,376,325.674775584681,4.07,NA,-4000,1000
P37745,308.15,10,185,317.31900255,4.07,318.15,-4000,1000
P37760,312.15,10,299,319.40918208,4.07,320.95,-4000,1000
P27832,311.15,10,224,328.229915367338,4.07,NA,-4000,1000
P37759,313.15,10,361,317.45247162,4.07,318.35,-4000,1000
P27830,313.15,10,355,315.45044813,4.07,317.75,-4000,1000
P29208,307.15,10,320,328.257494159352,4.07,NA,-4000,1000
P10907,307.15,10,356,328.717325,7.588735,NA,-4000,1000
P10905,313.15,10,295,328.717325,7.588735,NA,-4000,1000
P10906,314.15,10,281,328.717325,7.588735,NA,-4000,1000
P0AG80,313.15,10,438,329.16630296,4.07,330.45,-4000,1000
P77718,307.15,10,482,319.12575056,4.07,320.15,-4000,1000
P0A6D5,308.15,10,288,328.762604,7.71,NA,-4000,1000
standard,308.15,10,272,328.762604,7.71,NA,-4000,1000
P77495,310.15,10,628,328.717325,7.588735,NA,-4000,1000
